Location,Product,Category,TransDate,RPrice,RQty,TransTotal,,,,,,,
Earle Asphalt,Coca Cola,Carbonated,1/10/2022,2,1,$2.00 ,,,,,,,
Earle Asphalt,Coca Cola,Carbonated,1/11/2022,2,1,$2.00 ,,,,,,,
GuttenPlans,Coca Cola,Carbonated,1/13/2022,1,1,$1.00 ,,,,,,,
GuttenPlans,Coca Cola,Carbonated,1/13/2022,1,1,$1.00 ,,,Month,Total,,Min,1
GuttenPlans,Coca Cola,Carbonated,1/13/2022,1,1,$1.00 ,,,Jan ,68,,Quartile1,1
GuttenPlans,Coca Cola,Carbonated,1/14/2022,1,1,$1.00 ,,,Feb,57.25,,Median,1
GuttenPlans,Coca Cola,Carbonated,1/14/2022,1,1,$1.00 ,,,Mar,83,,Quartile3,1
GuttenPlans,Coca Cola,Carbonated,1/14/2022,1,1,$1.00 ,,,Apr,155.5,,Max,2
GuttenPlans,Coca Cola,Carbonated,1/14/2022,1,1,$1.00 ,,,May,162,,,
GuttenPlans,Coca Cola,Carbonated,1/14/2022,1,1,$1.00 ,,,June,169.5,,Lower Fence,-0.5
GuttenPlans,Coca Cola,Carbonated,1/14/2022,1,1,$1.00 ,,,Jul,261.5,,IQR,1
GuttenPlans,Coca Cola,Carbonated,1/14/2022,1,1,$1.00 ,,,Aug,185,,Upper Fence,2.5
GuttenPlans,Coca Cola,Carbonated,1/14/2022,1,1,$1.00 ,,,Sept,180.5,,,
GuttenPlans,Coca Cola,Carbonated,1/14/2022,1,1,$1.00 ,,,Oct,185,,,
GuttenPlans,Coca Cola,Carbonated,1/15/2022,1,1,$1.00 ,,,Nov,215,,,
GuttenPlans,Coca Cola,Carbonated,1/15/2022,1,1,$1.00 ,,,Dec,150.5,,,
GuttenPlans,Coca Cola,Carbonated,1/15/2022,1,1,$1.00 ,,,,,,,
GuttenPlans,Coca Cola,Carbonated,1/15/2022,1,1,$1.00 ,,,,,,,
GuttenPlans,Coca Cola,Carbonated,1/17/2022,1,1,$1.00 ,,,,,,,
GuttenPlans,Coca Cola,Carbonated,1/17/2022,1,1,$1.00 ,,,,,,,
GuttenPlans,Coca Cola,Carbonated,1/17/2022,1,1,$1.00 ,,,,,,,
GuttenPlans,Coca Cola,Carbonated,1/17/2022,1,1,$1.00 ,,,,,,,
GuttenPlans,Coca Cola,Carbonated,1/17/2022,1,1,$1.00 ,,,,,,,
GuttenPlans,Coca Cola,Carbonated,1/18/2022,1,1,$1.00 ,,,,,,,
GuttenPlans,Coca Cola,Carbonated,1/18/2022,1,1,$1.00 ,,,,,,,
GuttenPlans,Coca Cola,Carbonated,1/18/2022,1,1,$1.00 ,,,,,,,
GuttenPlans,Coca Cola,Carbonated,1/18/2022,1,1,$1.00 ,,,,,,,
GuttenPlans,Coca Cola,Carbonated,1/18/2022,1,1,$1.00 ,,,,,,,
Earle Asphalt,Coca Cola,Carbonated,1/19/2022,2,1,$2.00 ,,,,,,,
Earle Asphalt,Coca Cola,Carbonated,1/20/2022,2,1,$2.00 ,,,,,,,
Earle Asphalt,Coca Cola,Carbonated,1/21/2022,2,1,$2.00 ,,,,,,,
Earle Asphalt,Coca Cola,Carbonated,1/21/2022,2,1,$2.00 ,,,,,,,
Earle Asphalt,Coca Cola,Carbonated,1/24/2022,2,1,$2.00 ,,,,,,,
Earle Asphalt,Coca Cola,Carbonated,1/24/2022,2,1,$2.00 ,,,,,,,
GuttenPlans,Coca Cola,Carbonated,1/25/2022,1,1,$1.00 ,,,,,,,
GuttenPlans,Coca Cola,Carbonated,1/25/2022,1,1,$1.00 ,,,,,,,
GuttenPlans,Coca Cola,Carbonated,1/25/2022,1,1,$1.00 ,,,,,,,
GuttenPlans,Coca Cola,Carbonated,1/26/2022,1,1,$1.00 ,,,,,,,
GuttenPlans,Coca Cola,Carbonated,1/26/2022,1,1,$1.00 ,,,,,,,
GuttenPlans,Coca Cola,Carbonated,1/26/2022,1,1,$1.00 ,,,,,,,
GuttenPlans,Coca Cola,Carbonated,1/26/2022,1,1,$1.00 ,,,,,,,
GuttenPlans,Coca Cola,Carbonated,1/26/2022,1,1,$1.00 ,,,,,,,
GuttenPlans,Coca Cola,Carbonated,1/26/2022,1,1,$1.00 ,,,,,,,
GuttenPlans,Coca Cola,Carbonated,1/26/2022,1,1,$1.00 ,,,,,,,
GuttenPlans,Coca Cola,Carbonated,1/27/2022,1,1,$1.00 ,,,,,,,
GuttenPlans,Coca Cola,Carbonated,1/27/2022,1,1,$1.00 ,,,,,,,
GuttenPlans,Coca Cola,Carbonated,1/27/2022,1,1,$1.00 ,,,,,,,
GuttenPlans,Coca Cola,Carbonated,1/27/2022,1,1,$1.00 ,,,,,,,
GuttenPlans,Coca Cola,Carbonated,1/27/2022,1,1,$1.00 ,,,,,,,
GuttenPlans,Coca Cola,Carbonated,1/27/2022,1,1,$1.00 ,,,,,,,
GuttenPlans,Coca Cola,Carbonated,1/28/2022,1,1,$1.00 ,,,,,,,
GuttenPlans,Coca Cola,Carbonated,1/28/2022,1,1,$1.00 ,,,,,,,
GuttenPlans,Coca Cola,Carbonated,1/28/2022,1,1,$1.00 ,,,,,,,
GuttenPlans,Coca Cola,Carbonated,1/28/2022,1,1,$1.00 ,,,,,,,
GuttenPlans,Coca Cola,Carbonated,1/28/2022,1,1,$1.00 ,,,,,,,
GuttenPlans,Coca Cola,Carbonated,1/31/2022,1,1,$1.00 ,,,,,,,
GuttenPlans,Coca Cola,Carbonated,1/31/2022,1,1,$1.00 ,,,,,,,
GuttenPlans,Coca Cola,Carbonated,1/31/2022,1,1,$1.00 ,,,,,,,
GuttenPlans,Coca Cola,Carbonated,1/31/2022,1,1,$1.00 ,,,,,,,
GuttenPlans,Coca Cola,Carbonated,1/31/2022,1,1,$1.00 ,,,,,,,
GuttenPlans,Coca Cola,Carbonated,2/1/2022,1,1,$1.00 ,,,,,,,
GuttenPlans,Coca Cola,Carbonated,2/1/2022,1,1,$1.00 ,,,,,,,
GuttenPlans,Coca Cola,Carbonated,2/1/2022,1,1,$1.00 ,,,,,,,
GuttenPlans,Coca Cola,Carbonated,2/1/2022,1,1,$1.00 ,,,,,,,
GuttenPlans,Coca Cola,Carbonated,2/1/2022,1,1,$1.00 ,,,,,,,
Earle Asphalt,Coca Cola,Carbonated,2/3/2022,1.5,1,$1.50 ,,,,,,,
GuttenPlans,Coca Cola,Carbonated,2/3/2022,1,1,$1.00 ,,,,,,,
GuttenPlans,Coca Cola,Carbonated,2/3/2022,1,1,$1.00 ,,,,,,,
GuttenPlans,Coca Cola,Carbonated,2/3/2022,1,1,$1.00 ,,,,,,,
GuttenPlans,Coca Cola,Carbonated,2/3/2022,1,1,$1.00 ,,,,,,,
GuttenPlans,Coca Cola,Carbonated,2/4/2022,1,1,$1.00 ,,,,,,,
Earle Asphalt,Coca Cola,Carbonated,2/4/2022,1.5,1,$1.50 ,,,,,,,
GuttenPlans,Coca Cola,Carbonated,2/4/2022,1,1,$1.00 ,,,,,,,
Earle Asphalt,Coca Cola,Carbonated,2/4/2022,1.5,1,$1.50 ,,,,,,,
GuttenPlans,Coca Cola,Carbonated,2/4/2022,1,1,$1.00 ,,,,,,,
GuttenPlans,Coca Cola,Carbonated,2/4/2022,1,1,$1.00 ,,,,,,,
GuttenPlans,Coca Cola,Carbonated,2/5/2022,1,1,$1.00 ,,,,,,,
GuttenPlans,Coca Cola,Carbonated,2/7/2022,1,1,$1.00 ,,,,,,,
GuttenPlans,Coca Cola,Carbonated,2/7/2022,1,1,$1.00 ,,,,,,,
GuttenPlans,Coca Cola,Carbonated,2/9/2022,1,1,$1.00 ,,,,,,,
GuttenPlans,Coca Cola,Carbonated,2/11/2022,1,1,$1.00 ,,,,,,,
GuttenPlans,Coca Cola,Carbonated,2/11/2022,1,1,$1.00 ,,,,,,,
GuttenPlans,Coca Cola,Carbonated,2/14/2022,1,1,$1.00 ,,,,,,,
GuttenPlans,Coca Cola,Carbonated,2/14/2022,1,1,$1.00 ,,,,,,,
GuttenPlans,Coca Cola,Carbonated,2/14/2022,1,1,$1.00 ,,,,,,,
GuttenPlans,Coca Cola,Carbonated,2/14/2022,1,1,$1.00 ,,,,,,,
GuttenPlans,Coca Cola,Carbonated,2/14/2022,1,1,$1.00 ,,,,,,,
GuttenPlans,Coca Cola,Carbonated,2/14/2022,1,1,$1.00 ,,,,,,,
GuttenPlans,Coca Cola,Carbonated,2/15/2022,1,1,$1.00 ,,,,,,,
GuttenPlans,Coca Cola,Carbonated,2/15/2022,1,1,$1.00 ,,,,,,,
GuttenPlans,Coca Cola,Carbonated,2/15/2022,1,1,$1.00 ,,,,,,,
GuttenPlans,Coca Cola,Carbonated,2/15/2022,1,1,$1.00 ,,,,,,,
GuttenPlans,Coca Cola,Carbonated,2/15/2022,1,1,$1.00 ,,,,,,,
GuttenPlans,Coca Cola,Carbonated,2/15/2022,1,1,$1.00 ,,,,,,,
GuttenPlans,Coca Cola,Carbonated,2/16/2022,1,1,$1.00 ,,,,,,,
GuttenPlans,Coca Cola,Carbonated,2/16/2022,1,1,$1.00 ,,,,,,,
GuttenPlans,Coca Cola,Carbonated,2/16/2022,1,1,$1.00 ,,,,,,,
GuttenPlans,Coca Cola,Carbonated,2/16/2022,1,1,$1.00 ,,,,,,,
GuttenPlans,Coca Cola,Carbonated,2/16/2022,1,1,$1.00 ,,,,,,,
GuttenPlans,Coca Cola,Carbonated,2/17/2022,1,1,$1.00 ,,,,,,,
GuttenPlans,Coca Cola,Carbonated,2/17/2022,1,1,$1.00 ,,,,,,,
Brunswick Sq Mall,Coca Cola,Carbonated,2/19/2022,1.5,1,$1.50 ,,,,,,,
GuttenPlans,Coca Cola,Carbonated,2/25/2022,1,1,$1.00 ,,,,,,,
GuttenPlans,Coca Cola,Carbonated,2/26/2022,1,1,$1.00 ,,,,,,,
GuttenPlans,Coca Cola,Carbonated,2/26/2022,1,1,$1.00 ,,,,,,,
Brunswick Sq Mall,Coca Cola,Carbonated,2/27/2022,2.25,1,$2.25 ,,,,,,,
Brunswick Sq Mall,Coca Cola,Carbonated,2/28/2022,1.5,1,$1.50 ,,,,,,,
Brunswick Sq Mall,Coca Cola,Carbonated,2/28/2022,1.5,1,$1.50 ,,,,,,,
Brunswick Sq Mall,Coca Cola,Carbonated,2/28/2022,1.5,1,$1.50 ,,,,,,,
GuttenPlans,Coca Cola,Carbonated,2/28/2022,1,1,$1.00 ,,,,,,,
GuttenPlans,Coca Cola,Carbonated,2/28/2022,1,1,$1.00 ,,,,,,,
Brunswick Sq Mall,Coca Cola,Carbonated,3/1/2022,1.5,1,$1.50 ,,,,,,,
GuttenPlans,Coca Cola,Carbonated,3/1/2022,1,1,$1.00 ,,,,,,,
GuttenPlans,Coca Cola,Carbonated,3/1/2022,1,1,$1.00 ,,,,,,,
GuttenPlans,Coca Cola,Carbonated,3/1/2022,1,1,$1.00 ,,,,,,,
GuttenPlans,Coca Cola,Carbonated,3/1/2022,1,1,$1.00 ,,,,,,,
GuttenPlans,Coca Cola,Carbonated,3/2/2022,1,1,$1.00 ,,,,,,,
GuttenPlans,Coca Cola,Carbonated,3/2/2022,1,1,$1.00 ,,,,,,,
GuttenPlans,Coca Cola,Carbonated,3/3/2022,1,1,$1.00 ,,,,,,,
GuttenPlans,Coca Cola,Carbonated,3/3/2022,1,1,$1.00 ,,,,,,,
GuttenPlans,Coca Cola,Carbonated,3/3/2022,1,1,$1.00 ,,,,,,,
GuttenPlans,Coca Cola,Carbonated,3/3/2022,1,1,$1.00 ,,,,,,,
GuttenPlans,Coca Cola,Carbonated,3/3/2022,1,1,$1.00 ,,,,,,,
GuttenPlans,Coca Cola,Carbonated,3/3/2022,1,1,$1.00 ,,,,,,,
GuttenPlans,Coca Cola,Carbonated,3/3/2022,1,1,$1.00 ,,,,,,,
GuttenPlans,Coca Cola,Carbonated,3/4/2022,1,1,$1.00 ,,,,,,,
GuttenPlans,Coca Cola,Carbonated,3/4/2022,1,1,$1.00 ,,,,,,,
GuttenPlans,Coca Cola,Carbonated,3/4/2022,1,1,$1.00 ,,,,,,,
GuttenPlans,Coca Cola,Carbonated,3/4/2022,1,1,$1.00 ,,,,,,,
GuttenPlans,Coca Cola,Carbonated,3/5/2022,1,1,$1.00 ,,,,,,,
GuttenPlans,Coca Cola,Carbonated,3/7/2022,1,1,$1.00 ,,,,,,,
GuttenPlans,Coca Cola,Carbonated,3/7/2022,1,1,$1.00 ,,,,,,,
GuttenPlans,Coca Cola,Carbonated,3/7/2022,1,1,$1.00 ,,,,,,,
GuttenPlans,Coca Cola,Carbonated,3/8/2022,1,1,$1.00 ,,,,,,,
GuttenPlans,Coca Cola,Carbonated,3/10/2022,1,1,$1.00 ,,,,,,,
GuttenPlans,Coca Cola,Carbonated,3/10/2022,1,1,$1.00 ,,,,,,,
GuttenPlans,Coca Cola,Carbonated,3/10/2022,1,1,$1.00 ,,,,,,,
GuttenPlans,Coca Cola,Carbonated,3/11/2022,1,1,$1.00 ,,,,,,,
EB Public Library,Coca Cola,Carbonated,3/14/2022,1.5,1,$1.50 ,,,,,,,
Brunswick Sq Mall,Coca Cola,Carbonated,3/15/2022,1.5,1,$1.50 ,,,,,,,
EB Public Library,Coca Cola,Carbonated,3/15/2022,1.5,1,$1.50 ,,,,,,,
EB Public Library,Coca Cola,Carbonated,3/16/2022,1.5,1,$1.50 ,,,,,,,
EB Public Library,Coca Cola,Carbonated,3/17/2022,1.5,1,$1.50 ,,,,,,,
Brunswick Sq Mall,Coca Cola,Carbonated,3/17/2022,1.5,1,$1.50 ,,,,,,,
EB Public Library,Coca Cola,Carbonated,3/19/2022,1.5,1,$1.50 ,,,,,,,
Brunswick Sq Mall,Coca Cola,Carbonated,3/19/2022,1.5,1,$1.50 ,,,,,,,
Brunswick Sq Mall,Coca Cola,Carbonated,3/21/2022,1.5,1,$1.50 ,,,,,,,
EB Public Library,Coca Cola,Carbonated,3/21/2022,1.5,1,$1.50 ,,,,,,,
Brunswick Sq Mall,Coca Cola,Carbonated,3/21/2022,1.5,1,$1.50 ,,,,,,,
Brunswick Sq Mall,Coca Cola,Carbonated,3/21/2022,1.5,1,$1.50 ,,,,,,,
Brunswick Sq Mall,Coca Cola,Carbonated,3/22/2022,1.5,1,$1.50 ,,,,,,,
EB Public Library,Coca Cola,Carbonated,3/22/2022,1.5,1,$1.50 ,,,,,,,
EB Public Library,Coca Cola,Carbonated,3/22/2022,1.5,1,$1.50 ,,,,,,,
EB Public Library,Coca Cola,Carbonated,3/25/2022,1.5,1,$1.50 ,,,,,,,
GuttenPlans,Coca Cola,Carbonated,3/25/2022,1,1,$1.00 ,,,,,,,
Brunswick Sq Mall,Coca Cola,Carbonated,3/27/2022,1.5,1,$1.50 ,,,,,,,
Brunswick Sq Mall,Coca Cola,Carbonated,3/28/2022,1.5,1,$1.50 ,,,,,,,
GuttenPlans,Coca Cola,Carbonated,3/28/2022,1,1,$1.00 ,,,,,,,
GuttenPlans,Coca Cola,Carbonated,3/28/2022,1,1,$1.00 ,,,,,,,
EB Public Library,Coca Cola,Carbonated,3/28/2022,1.5,1,$1.50 ,,,,,,,
EB Public Library,Coca Cola,Carbonated,3/28/2022,1.5,1,$1.50 ,,,,,,,
GuttenPlans,Coca Cola,Carbonated,3/28/2022,1,1,$1.00 ,,,,,,,
GuttenPlans,Coca Cola,Carbonated,3/28/2022,1,1,$1.00 ,,,,,,,
GuttenPlans,Coca Cola,Carbonated,3/28/2022,1,1,$1.00 ,,,,,,,
GuttenPlans,Coca Cola,Carbonated,3/28/2022,1,1,$1.00 ,,,,,,,
GuttenPlans,Coca Cola,Carbonated,3/29/2022,1,1,$1.00 ,,,,,,,
GuttenPlans,Coca Cola,Carbonated,3/29/2022,1,1,$1.00 ,,,,,,,
EB Public Library,Coca Cola,Carbonated,3/29/2022,1.5,1,$1.50 ,,,,,,,
GuttenPlans,Coca Cola,Carbonated,3/29/2022,1,1,$1.00 ,,,,,,,
GuttenPlans,Coca Cola,Carbonated,3/29/2022,1,1,$1.00 ,,,,,,,
GuttenPlans,Coca Cola,Carbonated,3/29/2022,1,1,$1.00 ,,,,,,,
GuttenPlans,Coca Cola,Carbonated,3/29/2022,1,1,$1.00 ,,,,,,,
GuttenPlans,Coca Cola,Carbonated,3/30/2022,1,1,$1.00 ,,,,,,,
EB Public Library,Coca Cola,Carbonated,3/30/2022,1.5,1,$1.50 ,,,,,,,
EB Public Library,Coca Cola,Carbonated,3/30/2022,2,1,$2.00 ,,,,,,,
GuttenPlans,Coca Cola,Carbonated,3/30/2022,1,1,$1.00 ,,,,,,,
GuttenPlans,Coca Cola,Carbonated,3/30/2022,1,1,$1.00 ,,,,,,,
EB Public Library,Coca Cola,Carbonated,3/31/2022,2,1,$2.00 ,,,,,,,
GuttenPlans,Coca Cola,Carbonated,3/31/2022,1,1,$1.00 ,,,,,,,
GuttenPlans,Coca Cola,Carbonated,3/31/2022,1,1,$1.00 ,,,,,,,
GuttenPlans,Coca Cola,Carbonated,3/31/2022,1,1,$1.00 ,,,,,,,
GuttenPlans,Coca Cola,Carbonated,4/1/2022,1,1,$1.00 ,,,,,,,
GuttenPlans,Coca Cola,Carbonated,4/1/2022,1,1,$1.00 ,,,,,,,
GuttenPlans,Coca Cola,Carbonated,4/1/2022,1,1,$1.00 ,,,,,,,
GuttenPlans,Coca Cola,Carbonated,4/1/2022,1,1,$1.00 ,,,,,,,
GuttenPlans,Coca Cola,Carbonated,4/1/2022,1,1,$1.00 ,,,,,,,
GuttenPlans,Coca Cola,Carbonated,4/1/2022,1,1,$1.00 ,,,,,,,
GuttenPlans,Coca Cola,Carbonated,4/2/2022,1,1,$1.00 ,,,,,,,
GuttenPlans,Coca Cola,Carbonated,4/2/2022,1,1,$1.00 ,,,,,,,
GuttenPlans,Coca Cola,Carbonated,4/2/2022,1,1,$1.00 ,,,,,,,
EB Public Library,Coca Cola,Carbonated,4/2/2022,1.5,1,$1.50 ,,,,,,,
EB Public Library,Coca Cola,Carbonated,4/2/2022,1.5,1,$1.50 ,,,,,,,
EB Public Library,Coca Cola,Carbonated,4/2/2022,2,1,$2.00 ,,,,,,,
EB Public Library,Coca Cola,Carbonated,4/4/2022,2,1,$2.00 ,,,,,,,
EB Public Library,Coca Cola,Carbonated,4/4/2022,1.5,1,$1.50 ,,,,,,,
GuttenPlans,Coca Cola,Carbonated,4/4/2022,1,1,$1.00 ,,,,,,,
Brunswick Sq Mall,Coca Cola,Carbonated,4/5/2022,1.5,1,$1.50 ,,,,,,,
GuttenPlans,Coca Cola,Carbonated,4/5/2022,1,1,$1.00 ,,,,,,,
EB Public Library,Coca Cola,Carbonated,4/5/2022,2,1,$2.00 ,,,,,,,
GuttenPlans,Coca Cola,Carbonated,4/5/2022,1,1,$1.00 ,,,,,,,
EB Public Library,Coca Cola,Carbonated,4/7/2022,1.5,1,$1.50 ,,,,,,,
EB Public Library,Coca Cola,Carbonated,4/7/2022,2,1,$3.50 ,,,,,,,
EB Public Library,Coca Cola,Carbonated,4/7/2022,1.5,1,$3.00 ,,,,,,,
EB Public Library,Coca Cola,Carbonated,4/8/2022,1.5,1,$1.50 ,,,,,,,
GuttenPlans,Coca Cola,Carbonated,4/8/2022,1.5,1,$1.50 ,,,,,,,
EB Public Library,Coca Cola,Carbonated,4/9/2022,1.5,1,$1.50 ,,,,,,,
Brunswick Sq Mall,Coca Cola,Carbonated,4/11/2022,1.5,1,$1.50 ,,,,,,,
EB Public Library,Coca Cola,Carbonated,4/13/2022,1.5,1,$1.50 ,,,,,,,
GuttenPlans,Coca Cola,Carbonated,4/14/2022,1.5,1,$1.50 ,,,,,,,
GuttenPlans,Coca Cola,Carbonated,4/14/2022,1.5,1,$1.50 ,,,,,,,
GuttenPlans,Coca Cola,Carbonated,4/14/2022,1.5,1,$1.50 ,,,,,,,
GuttenPlans,Coca Cola,Carbonated,4/14/2022,1.5,1,$1.50 ,,,,,,,
EB Public Library,Coca Cola,Carbonated,4/14/2022,1.5,1,$1.50 ,,,,,,,
GuttenPlans,Coca Cola,Carbonated,4/14/2022,1.5,1,$1.50 ,,,,,,,
GuttenPlans,Coca Cola,Carbonated,4/14/2022,1.5,1,$1.50 ,,,,,,,
GuttenPlans,Coca Cola,Carbonated,4/15/2022,1.5,1,$1.50 ,,,,,,,
GuttenPlans,Coca Cola,Carbonated,4/15/2022,1.5,1,$1.50 ,,,,,,,
GuttenPlans,Coca Cola,Carbonated,4/15/2022,1.5,1,$1.50 ,,,,,,,
GuttenPlans,Coca Cola,Carbonated,4/15/2022,1.5,1,$1.50 ,,,,,,,
GuttenPlans,Coca Cola,Carbonated,4/15/2022,1.5,1,$1.50 ,,,,,,,
GuttenPlans,Coca Cola,Carbonated,4/15/2022,1.5,1,$1.50 ,,,,,,,
GuttenPlans,Coca Cola,Carbonated,4/15/2022,1.5,1,$1.50 ,,,,,,,
GuttenPlans,Coca Cola,Carbonated,4/16/2022,1.5,1,$1.50 ,,,,,,,
GuttenPlans,Coca Cola,Carbonated,4/16/2022,1.5,1,$1.50 ,,,,,,,
Brunswick Sq Mall,Coca Cola,Carbonated,4/18/2022,1.5,1,$1.50 ,,,,,,,
GuttenPlans,Coca Cola,Carbonated,4/18/2022,1.5,1,$1.50 ,,,,,,,
GuttenPlans,Coca Cola,Carbonated,4/18/2022,1.5,1,$1.50 ,,,,,,,
GuttenPlans,Coca Cola,Carbonated,4/18/2022,1.5,1,$1.50 ,,,,,,,
EB Public Library,Coca Cola,Carbonated,4/19/2022,1.5,1,$1.50 ,,,,,,,
EB Public Library,Coca Cola,Carbonated,4/19/2022,1.5,1,$1.50 ,,,,,,,
EB Public Library,Coca Cola,Carbonated,4/19/2022,1.5,1,$1.50 ,,,,,,,
GuttenPlans,Coca Cola,Carbonated,4/19/2022,1.5,1,$1.50 ,,,,,,,
EB Public Library,Coca Cola,Carbonated,4/19/2022,1.5,1,$1.50 ,,,,,,,
Brunswick Sq Mall,Coca Cola,Carbonated,4/19/2022,1.5,1,$1.50 ,,,,,,,
GuttenPlans,Coca Cola,Carbonated,4/19/2022,1.5,1,$1.50 ,,,,,,,
GuttenPlans,Coca Cola,Carbonated,4/19/2022,1.5,1,$1.50 ,,,,,,,
GuttenPlans,Coca Cola,Carbonated,4/19/2022,1.5,1,$1.50 ,,,,,,,
GuttenPlans,Coca Cola,Carbonated,4/19/2022,1.5,1,$1.50 ,,,,,,,
GuttenPlans,Coca Cola,Carbonated,4/20/2022,1.5,1,$1.50 ,,,,,,,
GuttenPlans,Coca Cola,Carbonated,4/20/2022,1.5,1,$1.50 ,,,,,,,
GuttenPlans,Coca Cola,Carbonated,4/20/2022,1.5,1,$1.50 ,,,,,,,
EB Public Library,Coca Cola,Carbonated,4/21/2022,1.5,1,$1.50 ,,,,,,,
GuttenPlans,Coca Cola,Carbonated,4/21/2022,1.5,1,$1.50 ,,,,,,,
GuttenPlans,Coca Cola,Carbonated,4/21/2022,1.5,1,$1.50 ,,,,,,,
GuttenPlans,Coca Cola,Carbonated,4/21/2022,1.5,1,$1.50 ,,,,,,,
GuttenPlans,Coca Cola,Carbonated,4/21/2022,1.5,1,$1.50 ,,,,,,,
GuttenPlans,Coca Cola,Carbonated,4/21/2022,1.5,1,$1.50 ,,,,,,,
GuttenPlans,Coca Cola,Carbonated,4/21/2022,1.5,1,$1.50 ,,,,,,,
GuttenPlans,Coca Cola,Carbonated,4/22/2022,1.5,1,$1.50 ,,,,,,,
GuttenPlans,Coca Cola,Carbonated,4/22/2022,1.5,1,$1.50 ,,,,,,,
GuttenPlans,Coca Cola,Carbonated,4/22/2022,1.5,1,$1.50 ,,,,,,,
GuttenPlans,Coca Cola,Carbonated,4/22/2022,1.5,1,$1.50 ,,,,,,,
GuttenPlans,Coca Cola,Carbonated,4/23/2022,1.5,1,$1.50 ,,,,,,,
EB Public Library,Coca Cola,Carbonated,4/23/2022,1.5,1,$1.50 ,,,,,,,
GuttenPlans,Coca Cola,Carbonated,4/23/2022,1.5,1,$1.50 ,,,,,,,
Brunswick Sq Mall,Coca Cola,Carbonated,4/23/2022,1.5,1,$1.50 ,,,,,,,
GuttenPlans,Coca Cola,Carbonated,4/23/2022,1.5,1,$1.50 ,,,,,,,
GuttenPlans,Coca Cola,Carbonated,4/23/2022,1.5,1,$1.50 ,,,,,,,
GuttenPlans,Coca Cola,Carbonated,4/23/2022,1.5,1,$1.50 ,,,,,,,
GuttenPlans,Coca Cola,Carbonated,4/23/2022,1.5,1,$1.50 ,,,,,,,
EB Public Library,Coca Cola,Carbonated,4/25/2022,1.5,1,$1.50 ,,,,,,,
EB Public Library,Coca Cola,Carbonated,4/25/2022,1.5,1,$1.50 ,,,,,,,
GuttenPlans,Coca Cola,Carbonated,4/25/2022,1.5,1,$1.50 ,,,,,,,
Brunswick Sq Mall,Coca Cola,Carbonated,4/26/2022,1.5,1,$1.50 ,,,,,,,
GuttenPlans,Coca Cola,Carbonated,4/26/2022,1.5,1,$1.50 ,,,,,,,
GuttenPlans,Coca Cola,Carbonated,4/26/2022,1.5,1,$1.50 ,,,,,,,
GuttenPlans,Coca Cola,Carbonated,4/27/2022,1.5,1,$1.50 ,,,,,,,
GuttenPlans,Coca Cola,Carbonated,4/27/2022,1.5,1,$1.50 ,,,,,,,
EB Public Library,Coca Cola,Carbonated,4/27/2022,1.5,1,$1.50 ,,,,,,,
GuttenPlans,Coca Cola,Carbonated,4/28/2022,1.5,1,$1.50 ,,,,,,,
GuttenPlans,Coca Cola,Carbonated,4/28/2022,1.5,1,$1.50 ,,,,,,,
GuttenPlans,Coca Cola,Carbonated,4/28/2022,1.5,1,$1.50 ,,,,,,,
GuttenPlans,Coca Cola,Carbonated,4/28/2022,1.5,1,$1.50 ,,,,,,,
GuttenPlans,Coca Cola,Carbonated,4/28/2022,1.5,1,$1.50 ,,,,,,,
GuttenPlans,Coca Cola,Carbonated,4/29/2022,1.5,1,$1.50 ,,,,,,,
GuttenPlans,Coca Cola,Carbonated,4/29/2022,1.5,1,$1.50 ,,,,,,,
GuttenPlans,Coca Cola,Carbonated,4/29/2022,1.5,1,$1.50 ,,,,,,,
GuttenPlans,Coca Cola,Carbonated,4/29/2022,1.5,1,$1.50 ,,,,,,,
EB Public Library,Coca Cola,Carbonated,4/29/2022,1.5,1,$1.50 ,,,,,,,
GuttenPlans,Coca Cola,Carbonated,4/29/2022,1.5,1,$1.50 ,,,,,,,
GuttenPlans,Coca Cola,Carbonated,4/29/2022,1.5,1,$1.50 ,,,,,,,
GuttenPlans,Coca Cola,Carbonated,4/29/2022,1.5,1,$1.50 ,,,,,,,
GuttenPlans,Coca Cola,Carbonated,4/29/2022,1.5,1,$1.50 ,,,,,,,
GuttenPlans,Coca Cola,Carbonated,4/30/2022,1.5,1,$1.50 ,,,,,,,
GuttenPlans,Coca Cola,Carbonated,5/2/2022,1.5,1,$1.50 ,,,,,,,
EB Public Library,Coca Cola,Carbonated,5/2/2022,1.5,1,$1.50 ,,,,,,,
Brunswick Sq Mall,Coca Cola,Carbonated,5/2/2022,1.5,1,$1.50 ,,,,,,,
Brunswick Sq Mall,Coca Cola,Carbonated,5/2/2022,1.5,1,$1.50 ,,,,,,,
EB Public Library,Coca Cola,Carbonated,5/2/2022,1.5,1,$1.50 ,,,,,,,
GuttenPlans,Coca Cola,Carbonated,5/2/2022,1.5,1,$1.50 ,,,,,,,
GuttenPlans,Coca Cola,Carbonated,5/2/2022,1.5,1,$1.50 ,,,,,,,
GuttenPlans,Coca Cola,Carbonated,5/2/2022,1.5,1,$1.50 ,,,,,,,
Brunswick Sq Mall,Coca Cola,Carbonated,5/3/2022,1.5,1,$1.50 ,,,,,,,
GuttenPlans,Coca Cola,Carbonated,5/3/2022,1.5,1,$1.50 ,,,,,,,
EB Public Library,Coca Cola,Carbonated,5/3/2022,1.5,1,$1.50 ,,,,,,,
EB Public Library,Coca Cola,Carbonated,5/4/2022,1.5,1,$1.50 ,,,,,,,
EB Public Library,Coca Cola,Carbonated,5/4/2022,1.5,1,$1.50 ,,,,,,,
EB Public Library,Coca Cola,Carbonated,5/4/2022,1.5,1,$1.50 ,,,,,,,
EB Public Library,Coca Cola,Carbonated,5/4/2022,1.5,1,$1.50 ,,,,,,,
EB Public Library,Coca Cola,Carbonated,5/5/2022,1.5,1,$1.50 ,,,,,,,
EB Public Library,Coca Cola,Carbonated,5/5/2022,1.5,1,$1.50 ,,,,,,,
EB Public Library,Coca Cola,Carbonated,5/5/2022,1.5,1,$1.50 ,,,,,,,
EB Public Library,Coca Cola,Carbonated,5/5/2022,1.5,1,$1.50 ,,,,,,,
Brunswick Sq Mall,Coca Cola,Carbonated,5/5/2022,1.5,1,$3.00 ,,,,,,,
Brunswick Sq Mall,Coca Cola,Carbonated,5/10/2022,1.5,1,$1.50 ,,,,,,,
Brunswick Sq Mall,Coca Cola,Carbonated,5/10/2022,1.5,1,$1.50 ,,,,,,,
Brunswick Sq Mall,Coca Cola,Carbonated,5/11/2022,1.5,1,$1.50 ,,,,,,,
Brunswick Sq Mall,Coca Cola,Carbonated,5/11/2022,1.5,1,$1.50 ,,,,,,,
Brunswick Sq Mall,Coca Cola,Carbonated,5/12/2022,1.5,1,$1.50 ,,,,,,,
EB Public Library,Coca Cola,Carbonated,5/12/2022,1.5,1,$1.50 ,,,,,,,
EB Public Library,Coca Cola,Carbonated,5/12/2022,1.5,1,$1.50 ,,,,,,,
Brunswick Sq Mall,Coca Cola,Carbonated,5/13/2022,1.5,1,$1.50 ,,,,,,,
EB Public Library,Coca Cola,Carbonated,5/13/2022,1.5,1,$1.50 ,,,,,,,
GuttenPlans,Coca Cola,Carbonated,5/13/2022,1.5,1,$1.50 ,,,,,,,
GuttenPlans,Coca Cola,Carbonated,5/13/2022,1.5,1,$1.50 ,,,,,,,
GuttenPlans,Coca Cola,Carbonated,5/14/2022,1.5,1,$1.50 ,,,,,,,
GuttenPlans,Coca Cola,Carbonated,5/14/2022,1.5,1,$1.50 ,,,,,,,
GuttenPlans,Coca Cola,Carbonated,5/14/2022,1.5,1,$1.50 ,,,,,,,
Brunswick Sq Mall,Coca Cola,Carbonated,5/15/2022,1.5,1,$1.50 ,,,,,,,
EB Public Library,Coca Cola,Carbonated,5/16/2022,1.5,1,$1.50 ,,,,,,,
GuttenPlans,Coca Cola,Carbonated,5/16/2022,1.5,1,$1.50 ,,,,,,,
GuttenPlans,Coca Cola,Carbonated,5/16/2022,1.5,1,$1.50 ,,,,,,,
GuttenPlans,Coca Cola,Carbonated,5/16/2022,1.5,1,$1.50 ,,,,,,,
GuttenPlans,Coca Cola,Carbonated,5/16/2022,1.5,1,$1.50 ,,,,,,,
GuttenPlans,Coca Cola,Carbonated,5/17/2022,1.5,1,$1.50 ,,,,,,,
GuttenPlans,Coca Cola,Carbonated,5/17/2022,1.5,1,$1.50 ,,,,,,,
GuttenPlans,Coca Cola,Carbonated,5/17/2022,1.5,1,$1.50 ,,,,,,,
GuttenPlans,Coca Cola,Carbonated,5/17/2022,1.5,1,$4.50 ,,,,,,,
GuttenPlans,Coca Cola,Carbonated,5/17/2022,1.5,1,$1.50 ,,,,,,,
GuttenPlans,Coca Cola,Carbonated,5/17/2022,1.5,1,$1.50 ,,,,,,,
GuttenPlans,Coca Cola,Carbonated,5/17/2022,1.5,1,$1.50 ,,,,,,,
GuttenPlans,Coca Cola,Carbonated,5/18/2022,1.5,1,$5.00 ,,,,,,,
GuttenPlans,Coca Cola,Carbonated,5/18/2022,1.5,1,$5.00 ,,,,,,,
GuttenPlans,Coca Cola,Carbonated,5/18/2022,1.5,1,$1.50 ,,,,,,,
GuttenPlans,Coca Cola,Carbonated,5/18/2022,1.5,1,$1.50 ,,,,,,,
GuttenPlans,Coca Cola,Carbonated,5/18/2022,1.5,1,$1.50 ,,,,,,,
GuttenPlans,Coca Cola,Carbonated,5/19/2022,1.5,1,$5.00 ,,,,,,,
Brunswick Sq Mall,Coca Cola,Carbonated,5/19/2022,1.5,1,$1.50 ,,,,,,,
GuttenPlans,Coca Cola,Carbonated,5/19/2022,1.5,1,$1.50 ,,,,,,,
GuttenPlans,Coca Cola,Carbonated,5/19/2022,1.5,1,$1.50 ,,,,,,,
GuttenPlans,Coca Cola,Carbonated,5/20/2022,1.5,1,$5.00 ,,,,,,,
GuttenPlans,Coca Cola,Carbonated,5/20/2022,1.5,1,$1.50 ,,,,,,,
EB Public Library,Coca Cola,Carbonated,5/20/2022,1.5,1,$1.50 ,,,,,,,
GuttenPlans,Coca Cola,Carbonated,5/20/2022,1.5,1,$1.50 ,,,,,,,
GuttenPlans,Coca Cola,Carbonated,5/20/2022,1.5,1,$1.50 ,,,,,,,
Brunswick Sq Mall,Coca Cola,Carbonated,5/20/2022,1.5,1,$1.50 ,,,,,,,
GuttenPlans,Coca Cola,Carbonated,5/20/2022,1.5,1,$1.50 ,,,,,,,
GuttenPlans,Coca Cola,Carbonated,5/20/2022,1.5,1,$1.50 ,,,,,,,
Brunswick Sq Mall,Coca Cola,Carbonated,5/21/2022,1.5,1,$1.50 ,,,,,,,
EB Public Library,Coca Cola,Carbonated,5/22/2022,1.5,1,$1.50 ,,,,,,,
Brunswick Sq Mall,Coca Cola,Carbonated,5/22/2022,1.5,1,$1.50 ,,,,,,,
Brunswick Sq Mall,Coca Cola,Carbonated,5/22/2022,1.5,1,$1.50 ,,,,,,,
GuttenPlans,Coca Cola,Carbonated,5/23/2022,1.5,1,$1.50 ,,,,,,,
EB Public Library,Coca Cola,Carbonated,5/23/2022,1.5,1,$1.50 ,,,,,,,
GuttenPlans,Coca Cola,Carbonated,5/23/2022,1.5,1,$1.50 ,,,,,,,
EB Public Library,Coca Cola,Carbonated,5/24/2022,4,1,$4.00 ,,,,,,,
GuttenPlans,Coca Cola,Carbonated,5/25/2022,1.5,1,$1.50 ,,,,,,,
GuttenPlans,Coca Cola,Carbonated,5/25/2022,1.5,1,$1.50 ,,,,,,,
GuttenPlans,Coca Cola,Carbonated,5/25/2022,1.5,1,$1.50 ,,,,,,,
GuttenPlans,Coca Cola,Carbonated,5/25/2022,1.5,1,$1.50 ,,,,,,,
GuttenPlans,Coca Cola,Carbonated,5/26/2022,1.5,1,$1.50 ,,,,,,,
Earle Asphalt,Coca Cola,Carbonated,5/26/2022,1.5,1,$1.50 ,,,,,,,
GuttenPlans,Coca Cola,Carbonated,5/26/2022,1.5,1,$1.50 ,,,,,,,
EB Public Library,Coca Cola,Carbonated,5/26/2022,1.5,1,$1.50 ,,,,,,,
GuttenPlans,Coca Cola,Carbonated,5/26/2022,1.5,1,$1.50 ,,,,,,,
Brunswick Sq Mall,Coca Cola,Carbonated,5/26/2022,1.5,1,$1.50 ,,,,,,,
Brunswick Sq Mall,Coca Cola,Carbonated,5/26/2022,1.5,1,$1.50 ,,,,,,,
GuttenPlans,Coca Cola,Carbonated,5/27/2022,1.5,1,$1.50 ,,,,,,,
GuttenPlans,Coca Cola,Carbonated,5/28/2022,1.5,1,$1.50 ,,,,,,,
EB Public Library,Coca Cola,Carbonated,5/28/2022,1.5,1,$1.50 ,,,,,,,
Brunswick Sq Mall,Coca Cola,Carbonated,5/29/2022,1.5,1,$1.50 ,,,,,,,
Brunswick Sq Mall,Coca Cola,Carbonated,5/30/2022,1.5,1,$1.50 ,,,,,,,
EB Public Library,Coca Cola,Carbonated,5/31/2022,1.5,1,$1.50 ,,,,,,,
EB Public Library,Coca Cola,Carbonated,5/31/2022,1.5,1,$4.50 ,,,,,,,
EB Public Library,Coca Cola,Carbonated,6/2/2022,1.5,1,$1.50 ,,,,,,,
EB Public Library,Coca Cola,Carbonated,6/2/2022,1.5,1,$1.50 ,,,,,,,
GuttenPlans,Coca Cola,Carbonated,6/3/2022,1.5,1,$1.50 ,,,,,,,
GuttenPlans,Coca Cola,Carbonated,6/3/2022,1.5,1,$1.50 ,,,,,,,
GuttenPlans,Coca Cola,Carbonated,6/3/2022,1.5,1,$1.50 ,,,,,,,
EB Public Library,Coca Cola,Carbonated,6/4/2022,1.5,1,$1.50 ,,,,,,,
EB Public Library,Coca Cola,Carbonated,6/4/2022,1.5,1,$1.50 ,,,,,,,
EB Public Library,Coca Cola,Carbonated,6/4/2022,1.5,1,$1.50 ,,,,,,,
Brunswick Sq Mall,Coca Cola,Carbonated,6/5/2022,1.5,1,$1.50 ,,,,,,,
GuttenPlans,Coca Cola,Carbonated,6/6/2022,1.5,1,$1.50 ,,,,,,,
GuttenPlans,Coca Cola,Carbonated,6/6/2022,1.5,1,$1.50 ,,,,,,,
EB Public Library,Coca Cola,Carbonated,6/7/2022,1.5,1,$1.50 ,,,,,,,
EB Public Library,Coca Cola,Carbonated,6/7/2022,1.5,1,$1.50 ,,,,,,,
EB Public Library,Coca Cola,Carbonated,6/7/2022,4,1,$4.00 ,,,,,,,
GuttenPlans,Coca Cola,Carbonated,6/7/2022,1.5,1,$1.50 ,,,,,,,
EB Public Library,Coca Cola,Carbonated,6/8/2022,1.5,1,$5.00 ,,,,,,,
EB Public Library,Coca Cola,Carbonated,6/8/2022,1.5,1,$1.50 ,,,,,,,
GuttenPlans,Coca Cola,Carbonated,6/8/2022,1.5,1,$1.50 ,,,,,,,
GuttenPlans,Coca Cola,Carbonated,6/9/2022,1.5,1,$1.50 ,,,,,,,
GuttenPlans,Coca Cola,Carbonated,6/9/2022,1.5,1,$1.50 ,,,,,,,
GuttenPlans,Coca Cola,Carbonated,6/10/2022,1.5,1,$1.50 ,,,,,,,
GuttenPlans,Coca Cola,Carbonated,6/10/2022,1.5,1,$1.50 ,,,,,,,
GuttenPlans,Coca Cola,Carbonated,6/10/2022,1.5,1,$1.50 ,,,,,,,
GuttenPlans,Coca Cola,Carbonated,6/13/2022,1.5,1,$1.50 ,,,,,,,
EB Public Library,Coca Cola,Carbonated,6/13/2022,1.5,1,$1.50 ,,,,,,,
EB Public Library,Coca Cola,Carbonated,6/13/2022,1.5,1,$1.50 ,,,,,,,
GuttenPlans,Coca Cola,Carbonated,6/13/2022,1.5,1,$1.50 ,,,,,,,
EB Public Library,Coca Cola,Carbonated,6/14/2022,1.5,1,$1.50 ,,,,,,,
GuttenPlans,Coca Cola,Carbonated,6/14/2022,1.5,1,$1.50 ,,,,,,,
GuttenPlans,Coca Cola,Carbonated,6/14/2022,1.5,1,$1.50 ,,,,,,,
GuttenPlans,Coca Cola,Carbonated,6/14/2022,1.5,1,$1.50 ,,,,,,,
GuttenPlans,Coca Cola,Carbonated,6/14/2022,1.5,1,$1.50 ,,,,,,,
GuttenPlans,Coca Cola,Carbonated,6/14/2022,1.5,1,$1.50 ,,,,,,,
GuttenPlans,Coca Cola,Carbonated,6/15/2022,1.5,1,$1.50 ,,,,,,,
EB Public Library,Coca Cola,Carbonated,6/15/2022,1.5,1,$1.50 ,,,,,,,
GuttenPlans,Coca Cola,Carbonated,6/15/2022,1.5,1,$1.50 ,,,,,,,
GuttenPlans,Coca Cola,Carbonated,6/15/2022,1.5,1,$1.50 ,,,,,,,
GuttenPlans,Coca Cola,Carbonated,6/15/2022,1.5,1,$1.50 ,,,,,,,
EB Public Library,Coca Cola,Carbonated,6/16/2022,1.5,1,$1.50 ,,,,,,,
EB Public Library,Coca Cola,Carbonated,6/16/2022,1.5,1,$1.50 ,,,,,,,
Brunswick Sq Mall,Coca Cola,Carbonated,6/16/2022,1.5,1,$1.50 ,,,,,,,
GuttenPlans,Coca Cola,Carbonated,6/16/2022,1.5,1,$1.50 ,,,,,,,
EB Public Library,Coca Cola,Carbonated,6/19/2022,1.5,1,$1.50 ,,,,,,,
EB Public Library,Coca Cola,Carbonated,6/20/2022,1.5,1,$2.75 ,,,,,,,
EB Public Library,Coca Cola,Carbonated,6/21/2022,1.5,1,$1.50 ,,,,,,,
EB Public Library,Coca Cola,Carbonated,6/21/2022,3,1,$4.50 ,,,,,,,
EB Public Library,Coca Cola,Carbonated,6/21/2022,1.5,1,$4.50 ,,,,,,,
Brunswick Sq Mall,Coca Cola,Carbonated,6/22/2022,1.5,1,$1.50 ,,,,,,,
EB Public Library,Coca Cola,Carbonated,6/22/2022,1.5,1,$1.50 ,,,,,,,
GuttenPlans,Coca Cola,Carbonated,6/22/2022,1.5,1,$1.50 ,,,,,,,
GuttenPlans,Coca Cola,Carbonated,6/22/2022,1.5,1,$1.50 ,,,,,,,
GuttenPlans,Coca Cola,Carbonated,6/22/2022,1.5,1,$1.50 ,,,,,,,
GuttenPlans,Coca Cola,Carbonated,6/23/2022,1.5,1,$1.50 ,,,,,,,
EB Public Library,Coca Cola,Carbonated,6/23/2022,1.5,1,$2.75 ,,,,,,,
GuttenPlans,Coca Cola,Carbonated,6/23/2022,1.5,1,$1.50 ,,,,,,,
GuttenPlans,Coca Cola,Carbonated,6/23/2022,1.5,1,$1.50 ,,,,,,,
GuttenPlans,Coca Cola,Carbonated,6/23/2022,1.5,1,$1.50 ,,,,,,,
GuttenPlans,Coca Cola,Carbonated,6/23/2022,1.5,1,$1.50 ,,,,,,,
Brunswick Sq Mall,Coca Cola,Carbonated,6/24/2022,1.5,1,$1.50 ,,,,,,,
Brunswick Sq Mall,Coca Cola,Carbonated,6/24/2022,1.5,1,$1.50 ,,,,,,,
GuttenPlans,Coca Cola,Carbonated,6/24/2022,1.5,1,$1.50 ,,,,,,,
GuttenPlans,Coca Cola,Carbonated,6/24/2022,1.5,1,$1.50 ,,,,,,,
EB Public Library,Coca Cola,Carbonated,6/25/2022,4,1,$4.00 ,,,,,,,
GuttenPlans,Coca Cola,Carbonated,6/25/2022,1.5,1,$1.50 ,,,,,,,
EB Public Library,Coca Cola,Carbonated,6/25/2022,4,1,$4.00 ,,,,,,,
EB Public Library,Coca Cola,Carbonated,6/25/2022,3,1,$3.00 ,,,,,,,
EB Public Library,Coca Cola,Carbonated,6/25/2022,1.5,1,$1.50 ,,,,,,,
EB Public Library,Coca Cola,Carbonated,6/25/2022,1.5,1,$1.50 ,,,,,,,
EB Public Library,Coca Cola,Carbonated,6/27/2022,1.5,1,$1.50 ,,,,,,,
GuttenPlans,Coca Cola,Carbonated,6/27/2022,1.5,1,$1.50 ,,,,,,,
GuttenPlans,Coca Cola,Carbonated,6/27/2022,1.5,1,$1.50 ,,,,,,,
GuttenPlans,Coca Cola,Carbonated,6/27/2022,1.5,1,$1.50 ,,,,,,,
GuttenPlans,Coca Cola,Carbonated,6/27/2022,1.5,1,$1.50 ,,,,,,,
Brunswick Sq Mall,Coca Cola,Carbonated,6/28/2022,1.5,1,$1.50 ,,,,,,,
GuttenPlans,Coca Cola,Carbonated,6/28/2022,1.5,1,$1.50 ,,,,,,,
EB Public Library,Coca Cola,Carbonated,6/28/2022,1.5,1,$1.50 ,,,,,,,
EB Public Library,Coca Cola,Carbonated,6/28/2022,1.5,1,$1.50 ,,,,,,,
EB Public Library,Coca Cola,Carbonated,6/28/2022,1.5,1,$1.50 ,,,,,,,
GuttenPlans,Coca Cola,Carbonated,6/28/2022,1.5,1,$1.50 ,,,,,,,
GuttenPlans,Coca Cola,Carbonated,6/28/2022,1.5,1,$1.50 ,,,,,,,
GuttenPlans,Coca Cola,Carbonated,6/29/2022,1.5,1,$1.50 ,,,,,,,
GuttenPlans,Coca Cola,Carbonated,6/29/2022,1.5,1,$1.50 ,,,,,,,
GuttenPlans,Coca Cola,Carbonated,6/29/2022,1.5,1,$1.50 ,,,,,,,
EB Public Library,Coca Cola,Carbonated,6/29/2022,1.5,1,$1.50 ,,,,,,,
EB Public Library,Coca Cola,Carbonated,6/29/2022,1.5,1,$1.50 ,,,,,,,
GuttenPlans,Coca Cola,Carbonated,6/29/2022,1.5,1,$1.50 ,,,,,,,
EB Public Library,Coca Cola,Carbonated,6/30/2022,1.5,1,$1.50 ,,,,,,,
EB Public Library,Coca Cola,Carbonated,6/30/2022,1.5,1,$1.50 ,,,,,,,
EB Public Library,Coca Cola,Carbonated,6/30/2022,1.5,1,$3.50 ,,,,,,,
GuttenPlans,Coca Cola,Carbonated,6/30/2022,1.5,1,$1.50 ,,,,,,,
GuttenPlans,Coca Cola,Carbonated,6/30/2022,1.5,1,$1.50 ,,,,,,,
GuttenPlans,Coca Cola,Carbonated,7/1/2022,1.5,1,$4.50 ,,,,,,,
GuttenPlans,Coca Cola,Carbonated,7/1/2022,1.5,1,$1.50 ,,,,,,,
GuttenPlans,Coca Cola,Carbonated,7/1/2022,1.5,1,$1.50 ,,,,,,,
GuttenPlans,Coca Cola,Carbonated,7/1/2022,1.5,1,$1.50 ,,,,,,,
GuttenPlans,Coca Cola,Carbonated,7/1/2022,1.5,1,$1.50 ,,,,,,,
GuttenPlans,Coca Cola,Carbonated,7/1/2022,1.5,1,$1.50 ,,,,,,,
EB Public Library,Coca Cola,Carbonated,7/1/2022,4,1,$4.00 ,,,,,,,
GuttenPlans,Coca Cola,Carbonated,7/1/2022,1.5,1,$1.50 ,,,,,,,
GuttenPlans,Coca Cola,Carbonated,7/1/2022,1.5,1,$1.50 ,,,,,,,
GuttenPlans,Coca Cola,Carbonated,7/1/2022,1.5,1,$1.50 ,,,,,,,
GuttenPlans,Coca Cola,Carbonated,7/2/2022,1.5,1,$1.50 ,,,,,,,
GuttenPlans,Coca Cola,Carbonated,7/2/2022,1.5,1,$1.50 ,,,,,,,
GuttenPlans,Coca Cola,Carbonated,7/2/2022,1.5,1,$1.50 ,,,,,,,
GuttenPlans,Coca Cola,Carbonated,7/2/2022,1.5,1,$1.50 ,,,,,,,
GuttenPlans,Coca Cola,Carbonated,7/3/2022,1.5,1,$1.50 ,,,,,,,
GuttenPlans,Coca Cola,Carbonated,7/5/2022,1.5,1,$1.50 ,,,,,,,
EB Public Library,Coca Cola,Carbonated,7/5/2022,1.5,1,$1.50 ,,,,,,,
GuttenPlans,Coca Cola,Carbonated,7/5/2022,1.5,1,$1.50 ,,,,,,,
EB Public Library,Coca Cola,Carbonated,7/6/2022,1.5,1,$1.50 ,,,,,,,
Brunswick Sq Mall,Coca Cola,Carbonated,7/6/2022,1.5,1,$1.50 ,,,,,,,
EB Public Library,Coca Cola,Carbonated,7/6/2022,1.5,1,$1.50 ,,,,,,,
EB Public Library,Coca Cola,Carbonated,7/6/2022,1.5,1,$1.50 ,,,,,,,
EB Public Library,Coca Cola,Carbonated,7/6/2022,1.5,1,$1.50 ,,,,,,,
EB Public Library,Coca Cola,Carbonated,7/6/2022,1.5,1,$1.50 ,,,,,,,
Brunswick Sq Mall,Coca Cola,Carbonated,7/6/2022,1.5,1,$1.50 ,,,,,,,
GuttenPlans,Coca Cola,Carbonated,7/6/2022,1.5,1,$1.50 ,,,,,,,
EB Public Library,Coca Cola,Carbonated,7/6/2022,1.5,1,$1.50 ,,,,,,,
GuttenPlans,Coca Cola,Carbonated,7/6/2022,1.5,1,$1.50 ,,,,,,,
GuttenPlans,Coca Cola,Carbonated,7/6/2022,1.5,1,$1.50 ,,,,,,,
EB Public Library,Coca Cola,Carbonated,7/7/2022,1.5,1,$1.50 ,,,,,,,
GuttenPlans,Coca Cola,Carbonated,7/7/2022,1.5,1,$5.50 ,,,,,,,
GuttenPlans,Coca Cola,Carbonated,7/7/2022,1.5,1,$1.50 ,,,,,,,
GuttenPlans,Coca Cola,Carbonated,7/8/2022,1.5,1,$1.50 ,,,,,,,
EB Public Library,Coca Cola,Carbonated,7/8/2022,1.5,1,$4.25 ,,,,,,,
EB Public Library,Coca Cola,Carbonated,7/8/2022,1.5,1,$1.50 ,,,,,,,
GuttenPlans,Coca Cola,Carbonated,7/8/2022,1.5,1,$1.50 ,,,,,,,
GuttenPlans,Coca Cola,Carbonated,7/8/2022,1.5,1,$1.50 ,,,,,,,
EB Public Library,Coca Cola,Carbonated,7/9/2022,3,1,$3.00 ,,,,,,,
EB Public Library,Coca Cola,Carbonated,7/9/2022,1.5,1,$1.50 ,,,,,,,
Brunswick Sq Mall,Coca Cola,Carbonated,7/9/2022,1.5,1,$1.50 ,,,,,,,
EB Public Library,Coca Cola,Carbonated,7/10/2022,1.5,1,$1.50 ,,,,,,,
Brunswick Sq Mall,Coca Cola,Carbonated,7/10/2022,1.5,1,$1.50 ,,,,,,,
EB Public Library,Coca Cola,Carbonated,7/11/2022,1.5,1,$4.50 ,,,,,,,
EB Public Library,Coca Cola,Carbonated,7/11/2022,1.5,1,$1.50 ,,,,,,,
GuttenPlans,Coca Cola,Carbonated,7/11/2022,1.5,1,$1.50 ,,,,,,,
GuttenPlans,Coca Cola,Carbonated,7/11/2022,1.5,1,$1.50 ,,,,,,,
GuttenPlans,Coca Cola,Carbonated,7/11/2022,1.5,1,$1.50 ,,,,,,,
GuttenPlans,Coca Cola,Carbonated,7/11/2022,1.5,1,$1.50 ,,,,,,,
GuttenPlans,Coca Cola,Carbonated,7/11/2022,1.5,1,$1.50 ,,,,,,,
EB Public Library,Coca Cola,Carbonated,7/12/2022,1.5,1,$1.50 ,,,,,,,
GuttenPlans,Coca Cola,Carbonated,7/12/2022,1.5,1,$1.50 ,,,,,,,
EB Public Library,Coca Cola,Carbonated,7/12/2022,1.5,1,$1.50 ,,,,,,,
Brunswick Sq Mall,Coca Cola,Carbonated,7/12/2022,1.5,1,$1.50 ,,,,,,,
GuttenPlans,Coca Cola,Carbonated,7/12/2022,1.5,1,$1.50 ,,,,,,,
GuttenPlans,Coca Cola,Carbonated,7/13/2022,1.5,1,$1.50 ,,,,,,,
GuttenPlans,Coca Cola,Carbonated,7/13/2022,1.5,1,$1.50 ,,,,,,,
EB Public Library,Coca Cola,Carbonated,7/13/2022,1.5,1,$1.50 ,,,,,,,
EB Public Library,Coca Cola,Carbonated,7/13/2022,1.5,1,$1.50 ,,,,,,,
EB Public Library,Coca Cola,Carbonated,7/13/2022,1.5,1,$1.50 ,,,,,,,
EB Public Library,Coca Cola,Carbonated,7/13/2022,1.5,1,$1.50 ,,,,,,,
EB Public Library,Coca Cola,Carbonated,7/13/2022,3,1,$3.00 ,,,,,,,
EB Public Library,Coca Cola,Carbonated,7/13/2022,3,1,$3.00 ,,,,,,,
GuttenPlans,Coca Cola,Carbonated,7/13/2022,1.5,1,$1.50 ,,,,,,,
GuttenPlans,Coca Cola,Carbonated,7/13/2022,1.5,1,$1.50 ,,,,,,,
GuttenPlans,Coca Cola,Carbonated,7/13/2022,1.5,1,$1.50 ,,,,,,,
Brunswick Sq Mall,Coca Cola,Carbonated,7/14/2022,1.5,1,$1.50 ,,,,,,,
EB Public Library,Coca Cola,Carbonated,7/14/2022,1.5,1,$1.50 ,,,,,,,
EB Public Library,Coca Cola,Carbonated,7/14/2022,1.5,1,$1.50 ,,,,,,,
GuttenPlans,Coca Cola,Carbonated,7/14/2022,1.5,1,$1.50 ,,,,,,,
EB Public Library,Coca Cola,Carbonated,7/14/2022,3,1,$3.00 ,,,,,,,
EB Public Library,Coca Cola,Carbonated,7/14/2022,1.5,1,$1.50 ,,,,,,,
EB Public Library,Coca Cola,Carbonated,7/14/2022,1.5,1,$1.50 ,,,,,,,
GuttenPlans,Coca Cola,Carbonated,7/14/2022,1.5,1,$1.50 ,,,,,,,
GuttenPlans,Coca Cola,Carbonated,7/15/2022,1.5,1,$1.50 ,,,,,,,
Earle Asphalt,Coca Cola,Carbonated,7/15/2022,1.5,1,$1.50 ,,,,,,,
Brunswick Sq Mall,Coca Cola,Carbonated,7/15/2022,1.5,1,$1.50 ,,,,,,,
GuttenPlans,Coca Cola,Carbonated,7/15/2022,1.5,1,$1.50 ,,,,,,,
GuttenPlans,Coca Cola,Carbonated,7/15/2022,1.5,1,$1.50 ,,,,,,,
GuttenPlans,Coca Cola,Carbonated,7/15/2022,1.5,1,$1.50 ,,,,,,,
GuttenPlans,Coca Cola,Carbonated,7/15/2022,1.5,1,$1.50 ,,,,,,,
GuttenPlans,Coca Cola,Carbonated,7/15/2022,1.5,1,$1.50 ,,,,,,,
GuttenPlans,Coca Cola,Carbonated,7/15/2022,1.5,1,$1.50 ,,,,,,,
EB Public Library,Coca Cola,Carbonated,7/16/2022,4,1,$4.00 ,,,,,,,
GuttenPlans,Coca Cola,Carbonated,7/16/2022,1.5,1,$1.50 ,,,,,,,
GuttenPlans,Coca Cola,Carbonated,7/16/2022,1.5,1,$1.50 ,,,,,,,
GuttenPlans,Coca Cola,Carbonated,7/16/2022,1.5,1,$1.50 ,,,,,,,
GuttenPlans,Coca Cola,Carbonated,7/16/2022,1.5,1,$1.50 ,,,,,,,
GuttenPlans,Coca Cola,Carbonated,7/16/2022,1.5,1,$1.50 ,,,,,,,
GuttenPlans,Coca Cola,Carbonated,7/16/2022,1.5,1,$1.50 ,,,,,,,
GuttenPlans,Coca Cola,Carbonated,7/16/2022,1.5,1,$1.50 ,,,,,,,
Earle Asphalt,Coca Cola,Carbonated,7/18/2022,1.5,1,$1.50 ,,,,,,,
GuttenPlans,Coca Cola,Carbonated,7/18/2022,1.5,1,$1.50 ,,,,,,,
GuttenPlans,Coca Cola,Carbonated,7/18/2022,1.5,1,$1.50 ,,,,,,,
EB Public Library,Coca Cola,Carbonated,7/18/2022,1.5,1,$1.50 ,,,,,,,
EB Public Library,Coca Cola,Carbonated,7/19/2022,1.5,1,$1.50 ,,,,,,,
EB Public Library,Coca Cola,Carbonated,7/20/2022,1.5,1,$1.50 ,,,,,,,
EB Public Library,Coca Cola,Carbonated,7/20/2022,1.5,1,$1.50 ,,,,,,,
EB Public Library,Coca Cola,Carbonated,7/21/2022,1.5,1,$1.50 ,,,,,,,
EB Public Library,Coca Cola,Carbonated,7/21/2022,1.5,1,$1.50 ,,,,,,,
EB Public Library,Coca Cola,Carbonated,7/21/2022,1.5,1,$1.50 ,,,,,,,
EB Public Library,Coca Cola,Carbonated,7/21/2022,1.5,1,$1.50 ,,,,,,,
EB Public Library,Coca Cola,Carbonated,7/21/2022,1.5,1,$1.50 ,,,,,,,
EB Public Library,Coca Cola,Carbonated,7/21/2022,1.5,1,$1.50 ,,,,,,,
EB Public Library,Coca Cola,Carbonated,7/22/2022,1.5,1,$4.00 ,,,,,,,
Earle Asphalt,Coca Cola,Carbonated,7/22/2022,1.5,1,$1.50 ,,,,,,,
EB Public Library,Coca Cola,Carbonated,7/22/2022,1.5,1,$1.50 ,,,,,,,
EB Public Library,Coca Cola,Carbonated,7/22/2022,1.5,1,$1.50 ,,,,,,,
EB Public Library,Coca Cola,Carbonated,7/22/2022,1.5,1,$1.50 ,,,,,,,
EB Public Library,Coca Cola,Carbonated,7/22/2022,1.5,1,$1.50 ,,,,,,,
GuttenPlans,Coca Cola,Carbonated,7/22/2022,1.5,1,$1.50 ,,,,,,,
GuttenPlans,Coca Cola,Carbonated,7/22/2022,1.5,1,$1.50 ,,,,,,,
GuttenPlans,Coca Cola,Carbonated,7/22/2022,1.5,1,$1.50 ,,,,,,,
GuttenPlans,Coca Cola,Carbonated,7/22/2022,1.5,1,$1.50 ,,,,,,,
GuttenPlans,Coca Cola,Carbonated,7/23/2022,1.5,1,$1.50 ,,,,,,,
EB Public Library,Coca Cola,Carbonated,7/23/2022,1.5,1,$1.50 ,,,,,,,
EB Public Library,Coca Cola,Carbonated,7/23/2022,1.5,1,$1.50 ,,,,,,,
EB Public Library,Coca Cola,Carbonated,7/23/2022,1.5,1,$1.50 ,,,,,,,
EB Public Library,Coca Cola,Carbonated,7/23/2022,1.5,1,$1.50 ,,,,,,,
GuttenPlans,Coca Cola,Carbonated,7/23/2022,1.5,1,$1.50 ,,,,,,,
GuttenPlans,Coca Cola,Carbonated,7/23/2022,1.5,1,$1.50 ,,,,,,,
EB Public Library,Coca Cola,Carbonated,7/24/2022,1.5,1,$2.75 ,,,,,,,
EB Public Library,Coca Cola,Carbonated,7/24/2022,3,1,$3.00 ,,,,,,,
EB Public Library,Coca Cola,Carbonated,7/25/2022,1.5,1,$3.00 ,,,,,,,
EB Public Library,Coca Cola,Carbonated,7/25/2022,1.5,1,$1.50 ,,,,,,,
EB Public Library,Coca Cola,Carbonated,7/25/2022,1.5,1,$1.50 ,,,,,,,
GuttenPlans,Coca Cola,Carbonated,7/25/2022,1.5,1,$1.50 ,,,,,,,
GuttenPlans,Coca Cola,Carbonated,7/25/2022,1.5,1,$1.50 ,,,,,,,
GuttenPlans,Coca Cola,Carbonated,7/26/2022,1.5,1,$1.50 ,,,,,,,
GuttenPlans,Coca Cola,Carbonated,7/26/2022,1.5,1,$1.50 ,,,,,,,
EB Public Library,Coca Cola,Carbonated,7/26/2022,1.5,1,$4.00 ,,,,,,,
EB Public Library,Coca Cola,Carbonated,7/26/2022,1.5,1,$1.50 ,,,,,,,
GuttenPlans,Coca Cola,Carbonated,7/26/2022,1.5,1,$1.50 ,,,,,,,
GuttenPlans,Coca Cola,Carbonated,7/26/2022,1.5,1,$1.50 ,,,,,,,
GuttenPlans,Coca Cola,Carbonated,7/26/2022,1.5,1,$1.50 ,,,,,,,
GuttenPlans,Coca Cola,Carbonated,7/26/2022,1.5,1,$1.50 ,,,,,,,
Brunswick Sq Mall,Coca Cola,Carbonated,7/26/2022,1.5,1,$1.50 ,,,,,,,
Brunswick Sq Mall,Coca Cola,Carbonated,7/26/2022,1.5,1,$1.50 ,,,,,,,
Brunswick Sq Mall,Coca Cola,Carbonated,7/26/2022,1.5,1,$1.50 ,,,,,,,
GuttenPlans,Coca Cola,Carbonated,7/26/2022,1.5,1,$1.50 ,,,,,,,
GuttenPlans,Coca Cola,Carbonated,7/26/2022,1.5,1,$1.50 ,,,,,,,
GuttenPlans,Coca Cola,Carbonated,7/27/2022,1.5,1,$3.00 ,,,,,,,
EB Public Library,Coca Cola,Carbonated,7/27/2022,1.5,1,$1.50 ,,,,,,,
GuttenPlans,Coca Cola,Carbonated,7/27/2022,1.5,1,$1.50 ,,,,,,,
GuttenPlans,Coca Cola,Carbonated,7/27/2022,1.5,1,$1.50 ,,,,,,,
GuttenPlans,Coca Cola,Carbonated,7/27/2022,1.5,1,$1.50 ,,,,,,,
GuttenPlans,Coca Cola,Carbonated,7/27/2022,1.5,1,$1.50 ,,,,,,,
GuttenPlans,Coca Cola,Carbonated,7/27/2022,1.5,1,$1.50 ,,,,,,,
GuttenPlans,Coca Cola,Carbonated,7/27/2022,1.5,1,$1.50 ,,,,,,,
GuttenPlans,Coca Cola,Carbonated,7/27/2022,1.5,1,$1.50 ,,,,,,,
GuttenPlans,Coca Cola,Carbonated,7/28/2022,1.5,1,$1.50 ,,,,,,,
GuttenPlans,Coca Cola,Carbonated,7/28/2022,1.5,1,$1.50 ,,,,,,,
GuttenPlans,Coca Cola,Carbonated,7/28/2022,1.5,1,$1.50 ,,,,,,,
GuttenPlans,Coca Cola,Carbonated,8/3/2022,1.5,1,$1.50 ,,,,,,,
GuttenPlans,Coca Cola,Carbonated,8/3/2022,1.5,1,$1.50 ,,,,,,,
GuttenPlans,Coca Cola,Carbonated,8/3/2022,1.5,1,$1.50 ,,,,,,,
GuttenPlans,Coca Cola,Carbonated,8/3/2022,1.5,1,$1.50 ,,,,,,,
GuttenPlans,Coca Cola,Carbonated,8/4/2022,1.5,1,$1.50 ,,,,,,,
GuttenPlans,Coca Cola,Carbonated,8/4/2022,1.5,1,$1.50 ,,,,,,,
GuttenPlans,Coca Cola,Carbonated,8/4/2022,1.5,1,$1.50 ,,,,,,,
GuttenPlans,Coca Cola,Carbonated,8/4/2022,1.5,1,$1.50 ,,,,,,,
GuttenPlans,Coca Cola,Carbonated,8/4/2022,1.5,1,$1.50 ,,,,,,,
GuttenPlans,Coca Cola,Carbonated,8/4/2022,1.5,1,$1.50 ,,,,,,,
GuttenPlans,Coca Cola,Carbonated,8/4/2022,1.5,1,$1.50 ,,,,,,,
GuttenPlans,Coca Cola,Carbonated,8/4/2022,1.5,1,$1.50 ,,,,,,,
GuttenPlans,Coca Cola,Carbonated,8/4/2022,1.5,1,$1.50 ,,,,,,,
GuttenPlans,Coca Cola,Carbonated,8/5/2022,1.5,1,$1.50 ,,,,,,,
GuttenPlans,Coca Cola,Carbonated,8/5/2022,1.5,1,$1.50 ,,,,,,,
GuttenPlans,Coca Cola,Carbonated,8/5/2022,1.5,1,$1.50 ,,,,,,,
GuttenPlans,Coca Cola,Carbonated,8/5/2022,1.5,1,$1.50 ,,,,,,,
GuttenPlans,Coca Cola,Carbonated,8/5/2022,1.5,1,$1.50 ,,,,,,,
GuttenPlans,Coca Cola,Carbonated,8/5/2022,1.5,1,$1.50 ,,,,,,,
Brunswick Sq Mall,Coca Cola,Carbonated,8/5/2022,2,1,$2.00 ,,,,,,,
GuttenPlans,Coca Cola,Carbonated,8/5/2022,1.5,1,$1.50 ,,,,,,,
GuttenPlans,Coca Cola,Carbonated,8/5/2022,1.5,1,$1.50 ,,,,,,,
GuttenPlans,Coca Cola,Carbonated,8/5/2022,1.5,1,$1.50 ,,,,,,,
GuttenPlans,Coca Cola,Carbonated,8/5/2022,1.5,1,$1.50 ,,,,,,,
Brunswick Sq Mall,Coca Cola,Carbonated,8/6/2022,2,1,$2.00 ,,,,,,,
GuttenPlans,Coca Cola,Carbonated,8/8/2022,1.5,1,$1.50 ,,,,,,,
GuttenPlans,Coca Cola,Carbonated,8/8/2022,1.5,1,$1.50 ,,,,,,,
Earle Asphalt,Coca Cola,Carbonated,8/8/2022,1.5,1,$1.50 ,,,,,,,
GuttenPlans,Coca Cola,Carbonated,8/8/2022,1.5,1,$1.50 ,,,,,,,
GuttenPlans,Coca Cola,Carbonated,8/8/2022,1.5,1,$1.50 ,,,,,,,
GuttenPlans,Coca Cola,Carbonated,8/8/2022,1.5,1,$1.50 ,,,,,,,
GuttenPlans,Coca Cola,Carbonated,8/8/2022,1.5,1,$1.50 ,,,,,,,
GuttenPlans,Coca Cola,Carbonated,8/9/2022,1.5,1,$1.50 ,,,,,,,
GuttenPlans,Coca Cola,Carbonated,8/9/2022,1.5,1,$1.50 ,,,,,,,
GuttenPlans,Coca Cola,Carbonated,8/9/2022,1.5,1,$1.50 ,,,,,,,
GuttenPlans,Coca Cola,Carbonated,8/9/2022,1.5,1,$1.50 ,,,,,,,
GuttenPlans,Coca Cola,Carbonated,8/9/2022,1.5,1,$1.50 ,,,,,,,
GuttenPlans,Coca Cola,Carbonated,8/9/2022,1.5,1,$1.50 ,,,,,,,
Brunswick Sq Mall,Coca Cola,Carbonated,8/10/2022,1.5,1,$1.50 ,,,,,,,
Brunswick Sq Mall,Coca Cola,Carbonated,8/11/2022,2,1,$2.00 ,,,,,,,
EB Public Library,Coca Cola,Carbonated,8/12/2022,2,1,$2.00 ,,,,,,,
EB Public Library,Coca Cola,Carbonated,8/12/2022,2,1,$2.00 ,,,,,,,
EB Public Library,Coca Cola,Carbonated,8/12/2022,2,1,$2.00 ,,,,,,,
EB Public Library,Coca Cola,Carbonated,8/12/2022,2,1,$2.00 ,,,,,,,
EB Public Library,Coca Cola,Carbonated,8/15/2022,2,1,$2.00 ,,,,,,,
EB Public Library,Coca Cola,Carbonated,8/15/2022,2,1,$2.00 ,,,,,,,
EB Public Library,Coca Cola,Carbonated,8/15/2022,2,1,$3.50 ,,,,,,,
EB Public Library,Coca Cola,Carbonated,8/16/2022,4,1,$4.00 ,,,,,,,
EB Public Library,Coca Cola,Carbonated,8/16/2022,2,1,$2.00 ,,,,,,,
EB Public Library,Coca Cola,Carbonated,8/18/2022,2,1,$2.00 ,,,,,,,
GuttenPlans,Coca Cola,Carbonated,8/18/2022,1.5,1,$1.50 ,,,,,,,
GuttenPlans,Coca Cola,Carbonated,8/18/2022,1.5,1,$1.50 ,,,,,,,
EB Public Library,Coca Cola,Carbonated,8/18/2022,2,1,$2.00 ,,,,,,,
GuttenPlans,Coca Cola,Carbonated,8/18/2022,1.5,1,$1.50 ,,,,,,,
GuttenPlans,Coca Cola,Carbonated,8/18/2022,1.5,1,$1.50 ,,,,,,,
GuttenPlans,Coca Cola,Carbonated,8/18/2022,1.5,1,$1.50 ,,,,,,,
GuttenPlans,Coca Cola,Carbonated,8/18/2022,1.5,1,$1.50 ,,,,,,,
GuttenPlans,Coca Cola,Carbonated,8/18/2022,1.5,1,$1.50 ,,,,,,,
GuttenPlans,Coca Cola,Carbonated,8/18/2022,1.5,1,$1.50 ,,,,,,,
GuttenPlans,Coca Cola,Carbonated,8/18/2022,1.5,1,$1.50 ,,,,,,,
Earle Asphalt,Coca Cola,Carbonated,8/19/2022,1.5,1,$1.50 ,,,,,,,
Brunswick Sq Mall,Coca Cola,Carbonated,8/19/2022,2,1,$2.00 ,,,,,,,
EB Public Library,Coca Cola,Carbonated,8/19/2022,2,1,$2.00 ,,,,,,,
GuttenPlans,Coca Cola,Carbonated,8/19/2022,1.5,1,$1.50 ,,,,,,,
Brunswick Sq Mall,Coca Cola,Carbonated,8/19/2022,2,1,$2.00 ,,,,,,,
GuttenPlans,Coca Cola,Carbonated,8/19/2022,1.5,1,$1.50 ,,,,,,,
GuttenPlans,Coca Cola,Carbonated,8/19/2022,1.5,1,$1.50 ,,,,,,,
GuttenPlans,Coca Cola,Carbonated,8/19/2022,1.5,1,$3.00 ,,,,,,,
Brunswick Sq Mall,Coca Cola,Carbonated,8/20/2022,2,1,$2.00 ,,,,,,,
Brunswick Sq Mall,Coca Cola,Carbonated,8/20/2022,2,1,$2.00 ,,,,,,,
GuttenPlans,Coca Cola,Carbonated,8/22/2022,1.5,1,$1.50 ,,,,,,,
Brunswick Sq Mall,Coca Cola,Carbonated,8/22/2022,2,1,$2.00 ,,,,,,,
GuttenPlans,Coca Cola,Carbonated,8/22/2022,1.5,1,$1.50 ,,,,,,,
EB Public Library,Coca Cola,Carbonated,8/22/2022,2,1,$2.00 ,,,,,,,
GuttenPlans,Coca Cola,Carbonated,8/22/2022,1.5,1,$1.50 ,,,,,,,
GuttenPlans,Coca Cola,Carbonated,8/22/2022,1.5,1,$1.50 ,,,,,,,
GuttenPlans,Coca Cola,Carbonated,8/22/2022,1.5,1,$1.50 ,,,,,,,
GuttenPlans,Coca Cola,Carbonated,8/23/2022,1.5,1,$1.50 ,,,,,,,
GuttenPlans,Coca Cola,Carbonated,8/23/2022,1.5,1,$1.50 ,,,,,,,
GuttenPlans,Coca Cola,Carbonated,8/23/2022,1.5,1,$1.50 ,,,,,,,
EB Public Library,Coca Cola,Carbonated,8/24/2022,2,1,$2.00 ,,,,,,,
EB Public Library,Coca Cola,Carbonated,8/24/2022,2,1,$5.00 ,,,,,,,
EB Public Library,Coca Cola,Carbonated,8/24/2022,2,1,$2.00 ,,,,,,,
EB Public Library,Coca Cola,Carbonated,8/24/2022,2,1,$2.00 ,,,,,,,
Earle Asphalt,Coca Cola,Carbonated,8/25/2022,1.5,1,$1.50 ,,,,,,,
EB Public Library,Coca Cola,Carbonated,8/25/2022,2,1,$2.00 ,,,,,,,
EB Public Library,Coca Cola,Carbonated,8/25/2022,2,1,$2.00 ,,,,,,,
EB Public Library,Coca Cola,Carbonated,8/26/2022,2,1,$2.00 ,,,,,,,
EB Public Library,Coca Cola,Carbonated,8/27/2022,2,1,$2.00 ,,,,,,,
EB Public Library,Coca Cola,Carbonated,8/27/2022,2,1,$2.00 ,,,,,,,
EB Public Library,Coca Cola,Carbonated,8/27/2022,2,1,$2.00 ,,,,,,,
Brunswick Sq Mall,Coca Cola,Carbonated,8/29/2022,2,1,$2.00 ,,,,,,,
Brunswick Sq Mall,Coca Cola,Carbonated,8/29/2022,2,1,$2.00 ,,,,,,,
EB Public Library,Coca Cola,Carbonated,8/29/2022,2,1,$2.00 ,,,,,,,
EB Public Library,Coca Cola,Carbonated,8/29/2022,2,1,$2.00 ,,,,,,,
Brunswick Sq Mall,Coca Cola,Carbonated,8/29/2022,1.5,1,$6.00 ,,,,,,,
EB Public Library,Coca Cola,Carbonated,8/30/2022,2,1,$2.00 ,,,,,,,
EB Public Library,Coca Cola,Carbonated,8/30/2022,2,1,$2.00 ,,,,,,,
EB Public Library,Coca Cola,Carbonated,8/31/2022,2,1,$2.00 ,,,,,,,
Brunswick Sq Mall,Coca Cola,Carbonated,9/2/2022,1.5,1,$1.50 ,,,,,,,
GuttenPlans,Coca Cola,Carbonated,9/6/2022,1.5,1,$1.50 ,,,,,,,
GuttenPlans,Coca Cola,Carbonated,9/6/2022,1.5,1,$1.50 ,,,,,,,
GuttenPlans,Coca Cola,Carbonated,9/6/2022,1.5,1,$1.50 ,,,,,,,
GuttenPlans,Coca Cola,Carbonated,9/6/2022,1.5,1,$1.50 ,,,,,,,
EB Public Library,Coca Cola,Carbonated,9/6/2022,2,1,$2.00 ,,,,,,,
GuttenPlans,Coca Cola,Carbonated,9/7/2022,1.5,1,$1.50 ,,,,,,,
GuttenPlans,Coca Cola,Carbonated,9/7/2022,1.5,1,$1.50 ,,,,,,,
GuttenPlans,Coca Cola,Carbonated,9/7/2022,1.5,1,$1.50 ,,,,,,,
GuttenPlans,Coca Cola,Carbonated,9/8/2022,1.5,1,$4.50 ,,,,,,,
GuttenPlans,Coca Cola,Carbonated,9/8/2022,1.5,1,$1.50 ,,,,,,,
GuttenPlans,Coca Cola,Carbonated,9/8/2022,1.5,1,$1.50 ,,,,,,,
EB Public Library,Coca Cola,Carbonated,9/8/2022,2,1,$2.00 ,,,,,,,
EB Public Library,Coca Cola,Carbonated,9/8/2022,4,1,$7.00 ,,,,,,,
GuttenPlans,Coca Cola,Carbonated,9/8/2022,1.5,1,$1.50 ,,,,,,,
EB Public Library,Coca Cola,Carbonated,9/8/2022,2,1,$2.00 ,,,,,,,
GuttenPlans,Coca Cola,Carbonated,9/8/2022,1.5,1,$3.00 ,,,,,,,
GuttenPlans,Coca Cola,Carbonated,9/8/2022,1.5,1,$1.50 ,,,,,,,
GuttenPlans,Coca Cola,Carbonated,9/8/2022,1.5,1,$1.50 ,,,,,,,
GuttenPlans,Coca Cola,Carbonated,9/8/2022,1.5,1,$1.50 ,,,,,,,
GuttenPlans,Coca Cola,Carbonated,9/8/2022,1.5,1,$1.50 ,,,,,,,
GuttenPlans,Coca Cola,Carbonated,9/9/2022,1.5,1,$1.50 ,,,,,,,
GuttenPlans,Coca Cola,Carbonated,9/9/2022,1.5,1,$1.50 ,,,,,,,
EB Public Library,Coca Cola,Carbonated,9/9/2022,2,1,$2.00 ,,,,,,,
EB Public Library,Coca Cola,Carbonated,9/9/2022,2,1,$2.00 ,,,,,,,
GuttenPlans,Coca Cola,Carbonated,9/9/2022,1.5,1,$1.50 ,,,,,,,
GuttenPlans,Coca Cola,Carbonated,9/9/2022,1.5,1,$1.50 ,,,,,,,
GuttenPlans,Coca Cola,Carbonated,9/9/2022,1.5,1,$1.50 ,,,,,,,
GuttenPlans,Coca Cola,Carbonated,9/9/2022,1.5,1,$1.50 ,,,,,,,
GuttenPlans,Coca Cola,Carbonated,9/9/2022,1.5,1,$1.50 ,,,,,,,
GuttenPlans,Coca Cola,Carbonated,9/9/2022,1.5,1,$1.50 ,,,,,,,
GuttenPlans,Coca Cola,Carbonated,9/9/2022,1.5,1,$1.50 ,,,,,,,
EB Public Library,Coca Cola,Carbonated,9/10/2022,2,1,$2.00 ,,,,,,,
EB Public Library,Coca Cola,Carbonated,9/10/2022,2,1,$2.00 ,,,,,,,
EB Public Library,Coca Cola,Carbonated,9/11/2022,4,1,$4.00 ,,,,,,,
EB Public Library,Coca Cola,Carbonated,9/12/2022,2,1,$3.50 ,,,,,,,
EB Public Library,Coca Cola,Carbonated,9/12/2022,2,1,$3.50 ,,,,,,,
EB Public Library,Coca Cola,Carbonated,9/12/2022,2,1,$2.00 ,,,,,,,
GuttenPlans,Coca Cola,Carbonated,9/12/2022,1.5,1,$1.50 ,,,,,,,
GuttenPlans,Coca Cola,Carbonated,9/12/2022,1.5,1,$1.50 ,,,,,,,
EB Public Library,Coca Cola,Carbonated,9/13/2022,2,1,$2.00 ,,,,,,,
GuttenPlans,Coca Cola,Carbonated,9/13/2022,1.5,1,$1.50 ,,,,,,,
GuttenPlans,Coca Cola,Carbonated,9/13/2022,1.5,1,$1.50 ,,,,,,,
EB Public Library,Coca Cola,Carbonated,9/13/2022,2,1,$2.00 ,,,,,,,
EB Public Library,Coca Cola,Carbonated,9/13/2022,4,1,$4.00 ,,,,,,,
GuttenPlans,Coca Cola,Carbonated,9/13/2022,1.5,1,$1.50 ,,,,,,,
GuttenPlans,Coca Cola,Carbonated,9/13/2022,1.5,1,$1.50 ,,,,,,,
GuttenPlans,Coca Cola,Carbonated,9/13/2022,1.5,1,$1.50 ,,,,,,,
GuttenPlans,Coca Cola,Carbonated,9/13/2022,1.5,1,$1.50 ,,,,,,,
Earle Asphalt,Coca Cola,Carbonated,9/14/2022,1.5,1,$1.50 ,,,,,,,
Earle Asphalt,Coca Cola,Carbonated,9/15/2022,1.5,1,$1.50 ,,,,,,,
Brunswick Sq Mall,Coca Cola,Carbonated,9/16/2022,2,1,$2.00 ,,,,,,,
EB Public Library,Coca Cola,Carbonated,9/20/2022,2,1,$2.00 ,,,,,,,
EB Public Library,Coca Cola,Carbonated,9/20/2022,2,1,$2.00 ,,,,,,,
EB Public Library,Coca Cola,Carbonated,9/21/2022,4,1,$4.00 ,,,,,,,
EB Public Library,Coca Cola,Carbonated,9/21/2022,2,1,$2.00 ,,,,,,,
EB Public Library,Coca Cola,Carbonated,9/21/2022,2,1,$2.00 ,,,,,,,
Earle Asphalt,Coca Cola,Carbonated,9/22/2022,1.5,1,$1.50 ,,,,,,,
EB Public Library,Coca Cola,Carbonated,9/22/2022,2,1,$2.00 ,,,,,,,
EB Public Library,Coca Cola,Carbonated,9/22/2022,2,1,$2.00 ,,,,,,,
EB Public Library,Coca Cola,Carbonated,9/23/2022,2,1,$2.00 ,,,,,,,
EB Public Library,Coca Cola,Carbonated,9/23/2022,4,1,$4.00 ,,,,,,,
EB Public Library,Coca Cola,Carbonated,9/24/2022,2,1,$2.00 ,,,,,,,
Brunswick Sq Mall,Coca Cola,Carbonated,9/24/2022,2,1,$2.00 ,,,,,,,
Brunswick Sq Mall,Coca Cola,Carbonated,9/25/2022,2,1,$2.00 ,,,,,,,
EB Public Library,Coca Cola,Carbonated,9/25/2022,2,1,$6.00 ,,,,,,,
EB Public Library,Coca Cola,Carbonated,9/26/2022,2,1,$2.00 ,,,,,,,
Brunswick Sq Mall,Coca Cola,Carbonated,9/26/2022,2,1,$2.00 ,,,,,,,
EB Public Library,Coca Cola,Carbonated,9/27/2022,2,1,$2.00 ,,,,,,,
EB Public Library,Coca Cola,Carbonated,9/27/2022,2,1,$2.00 ,,,,,,,
EB Public Library,Coca Cola,Carbonated,9/28/2022,2,1,$3.50 ,,,,,,,
EB Public Library,Coca Cola,Carbonated,9/28/2022,2,1,$2.00 ,,,,,,,
EB Public Library,Coca Cola,Carbonated,9/29/2022,2,1,$4.50 ,,,,,,,
EB Public Library,Coca Cola,Carbonated,9/29/2022,2,1,$3.50 ,,,,,,,
EB Public Library,Coca Cola,Carbonated,9/30/2022,2,1,$7.50 ,,,,,,,
EB Public Library,Coca Cola,Carbonated,9/30/2022,2,1,$2.00 ,,,,,,,
GuttenPlans,Coca Cola,Carbonated,9/30/2022,1.5,1,$1.50 ,,,,,,,
GuttenPlans,Coca Cola,Carbonated,9/30/2022,1.5,1,$1.50 ,,,,,,,
EB Public Library,Coca Cola,Carbonated,10/2/2022,2,1,$2.00 ,,,,,,,
EB Public Library,Coca Cola,Carbonated,10/3/2022,2,1,$5.00 ,,,,,,,
GuttenPlans,Coca Cola,Carbonated,10/3/2022,1.5,1,$1.50 ,,,,,,,
GuttenPlans,Coca Cola,Carbonated,10/3/2022,1.5,1,$1.50 ,,,,,,,
GuttenPlans,Coca Cola,Carbonated,10/4/2022,1.5,1,$1.50 ,,,,,,,
GuttenPlans,Coca Cola,Carbonated,10/4/2022,1.5,1,$1.50 ,,,,,,,
GuttenPlans,Coca Cola,Carbonated,10/4/2022,1.5,1,$1.50 ,,,,,,,
GuttenPlans,Coca Cola,Carbonated,10/4/2022,1.5,1,$1.50 ,,,,,,,
GuttenPlans,Coca Cola,Carbonated,10/4/2022,1.5,1,$1.50 ,,,,,,,
GuttenPlans,Coca Cola,Carbonated,10/5/2022,1.5,1,$1.50 ,,,,,,,
GuttenPlans,Coca Cola,Carbonated,10/5/2022,1.5,1,$1.50 ,,,,,,,
GuttenPlans,Coca Cola,Carbonated,10/5/2022,1.5,1,$1.50 ,,,,,,,
GuttenPlans,Coca Cola,Carbonated,10/5/2022,1.5,1,$1.50 ,,,,,,,
EB Public Library,Coca Cola,Carbonated,10/5/2022,2,1,$5.00 ,,,,,,,
GuttenPlans,Coca Cola,Carbonated,10/5/2022,1.5,1,$1.50 ,,,,,,,
GuttenPlans,Coca Cola,Carbonated,10/5/2022,1.5,1,$1.50 ,,,,,,,
GuttenPlans,Coca Cola,Carbonated,10/5/2022,1.5,1,$1.50 ,,,,,,,
GuttenPlans,Coca Cola,Carbonated,10/5/2022,1.5,1,$1.50 ,,,,,,,
GuttenPlans,Coca Cola,Carbonated,10/6/2022,1.5,1,$1.50 ,,,,,,,
EB Public Library,Coca Cola,Carbonated,10/6/2022,2,1,$5.00 ,,,,,,,
GuttenPlans,Coca Cola,Carbonated,10/6/2022,1.5,1,$1.50 ,,,,,,,
EB Public Library,Coca Cola,Carbonated,10/6/2022,2,1,$2.00 ,,,,,,,
GuttenPlans,Coca Cola,Carbonated,10/6/2022,1.5,1,$1.50 ,,,,,,,
GuttenPlans,Coca Cola,Carbonated,10/6/2022,1.5,1,$1.50 ,,,,,,,
EB Public Library,Coca Cola,Carbonated,10/7/2022,2,1,$2.00 ,,,,,,,
EB Public Library,Coca Cola,Carbonated,10/7/2022,2,1,$2.00 ,,,,,,,
EB Public Library,Coca Cola,Carbonated,10/8/2022,2,1,$5.00 ,,,,,,,
Brunswick Sq Mall,Coca Cola,Carbonated,10/8/2022,2,1,$2.00 ,,,,,,,
Brunswick Sq Mall,Coca Cola,Carbonated,10/10/2022,1.5,1,$1.50 ,,,,,,,
Brunswick Sq Mall,Coca Cola,Carbonated,10/10/2022,1.5,1,$1.50 ,,,,,,,
Brunswick Sq Mall,Coca Cola,Carbonated,10/10/2022,1.5,1,$1.50 ,,,,,,,
Earle Asphalt,Coca Cola,Carbonated,10/10/2022,1.5,1,$3.50 ,,,,,,,
GuttenPlans,Coca Cola,Carbonated,10/10/2022,1.5,1,$1.50 ,,,,,,,
GuttenPlans,Coca Cola,Carbonated,10/10/2022,1.5,1,$1.50 ,,,,,,,
GuttenPlans,Coca Cola,Carbonated,10/11/2022,1.5,1,$1.50 ,,,,,,,
EB Public Library,Coca Cola,Carbonated,10/11/2022,2,1,$2.00 ,,,,,,,
GuttenPlans,Coca Cola,Carbonated,10/11/2022,1.5,1,$1.50 ,,,,,,,
Brunswick Sq Mall,Coca Cola,Carbonated,10/11/2022,2,1,$2.00 ,,,,,,,
Brunswick Sq Mall,Coca Cola,Carbonated,10/11/2022,2,1,$2.00 ,,,,,,,
GuttenPlans,Coca Cola,Carbonated,10/11/2022,1.5,1,$1.50 ,,,,,,,
Brunswick Sq Mall,Coca Cola,Carbonated,10/11/2022,1.5,1,$1.50 ,,,,,,,
EB Public Library,Coca Cola,Carbonated,10/12/2022,2,1,$2.00 ,,,,,,,
EB Public Library,Coca Cola,Carbonated,10/13/2022,2,1,$2.00 ,,,,,,,
EB Public Library,Coca Cola,Carbonated,10/13/2022,2,1,$2.00 ,,,,,,,
EB Public Library,Coca Cola,Carbonated,10/14/2022,2,1,$2.00 ,,,,,,,
Brunswick Sq Mall,Coca Cola,Carbonated,10/14/2022,2,1,$2.00 ,,,,,,,
EB Public Library,Coca Cola,Carbonated,10/16/2022,2,1,$2.00 ,,,,,,,
EB Public Library,Coca Cola,Carbonated,10/18/2022,2,1,$2.00 ,,,,,,,
EB Public Library,Coca Cola,Carbonated,10/19/2022,2,1,$2.00 ,,,,,,,
EB Public Library,Coca Cola,Carbonated,10/19/2022,2,1,$2.00 ,,,,,,,
Brunswick Sq Mall,Coca Cola,Carbonated,10/19/2022,2,1,$2.00 ,,,,,,,
Brunswick Sq Mall,Coca Cola,Carbonated,10/19/2022,2,1,$2.00 ,,,,,,,
Brunswick Sq Mall,Coca Cola,Carbonated,10/19/2022,1.5,1,$3.00 ,,,,,,,
GuttenPlans,Coca Cola,Carbonated,10/19/2022,1.5,1,$1.50 ,,,,,,,
EB Public Library,Coca Cola,Carbonated,10/20/2022,2,1,$2.00 ,,,,,,,
GuttenPlans,Coca Cola,Carbonated,10/20/2022,1.5,1,$1.50 ,,,,,,,
Brunswick Sq Mall,Coca Cola,Carbonated,10/20/2022,2,1,$2.00 ,,,,,,,
GuttenPlans,Coca Cola,Carbonated,10/21/2022,1.5,1,$1.50 ,,,,,,,
GuttenPlans,Coca Cola,Carbonated,10/21/2022,1.5,1,$1.50 ,,,,,,,
GuttenPlans,Coca Cola,Carbonated,10/21/2022,1.5,1,$1.50 ,,,,,,,
GuttenPlans,Coca Cola,Carbonated,10/21/2022,1.5,1,$1.50 ,,,,,,,
EB Public Library,Coca Cola,Carbonated,10/22/2022,2,1,$2.00 ,,,,,,,
Brunswick Sq Mall,Coca Cola,Carbonated,10/22/2022,2,1,$2.00 ,,,,,,,
EB Public Library,Coca Cola,Carbonated,10/23/2022,2,1,$2.00 ,,,,,,,
Brunswick Sq Mall,Coca Cola,Carbonated,10/23/2022,2,1,$2.00 ,,,,,,,
EB Public Library,Coca Cola,Carbonated,10/23/2022,2,1,$4.00 ,,,,,,,
EB Public Library,Coca Cola,Carbonated,10/23/2022,2,1,$2.00 ,,,,,,,
Brunswick Sq Mall,Coca Cola,Carbonated,10/23/2022,2,1,$2.00 ,,,,,,,
Brunswick Sq Mall,Coca Cola,Carbonated,10/24/2022,2,1,$2.00 ,,,,,,,
GuttenPlans,Coca Cola,Carbonated,10/24/2022,1.5,1,$1.50 ,,,,,,,
GuttenPlans,Coca Cola,Carbonated,10/24/2022,1.5,1,$1.50 ,,,,,,,
GuttenPlans,Coca Cola,Carbonated,10/24/2022,1.5,1,$1.50 ,,,,,,,
GuttenPlans,Coca Cola,Carbonated,10/24/2022,1.5,1,$1.50 ,,,,,,,
GuttenPlans,Coca Cola,Carbonated,10/24/2022,1.5,1,$1.50 ,,,,,,,
EB Public Library,Coca Cola,Carbonated,10/25/2022,2,1,$2.00 ,,,,,,,
EB Public Library,Coca Cola,Carbonated,10/25/2022,2,1,$4.00 ,,,,,,,
EB Public Library,Coca Cola,Carbonated,10/25/2022,2,1,$2.00 ,,,,,,,
EB Public Library,Coca Cola,Carbonated,10/25/2022,2,1,$2.00 ,,,,,,,
EB Public Library,Coca Cola,Carbonated,10/26/2022,2,1,$2.00 ,,,,,,,
Brunswick Sq Mall,Coca Cola,Carbonated,10/26/2022,2,1,$2.00 ,,,,,,,
GuttenPlans,Coca Cola,Carbonated,10/26/2022,1.5,1,$1.50 ,,,,,,,
Brunswick Sq Mall,Coca Cola,Carbonated,10/27/2022,2,1,$2.00 ,,,,,,,
GuttenPlans,Coca Cola,Carbonated,10/27/2022,1.5,1,$1.50 ,,,,,,,
GuttenPlans,Coca Cola,Carbonated,10/28/2022,1.5,1,$1.50 ,,,,,,,
GuttenPlans,Coca Cola,Carbonated,10/28/2022,1.5,1,$1.50 ,,,,,,,
GuttenPlans,Coca Cola,Carbonated,10/28/2022,1.5,1,$1.50 ,,,,,,,
GuttenPlans,Coca Cola,Carbonated,10/29/2022,1.5,1,$1.50 ,,,,,,,
GuttenPlans,Coca Cola,Carbonated,10/29/2022,1.5,1,$1.50 ,,,,,,,
GuttenPlans,Coca Cola,Carbonated,10/29/2022,1.5,1,$1.50 ,,,,,,,
Brunswick Sq Mall,Coca Cola,Carbonated,10/29/2022,2,1,$2.00 ,,,,,,,
Brunswick Sq Mall,Coca Cola,Carbonated,10/29/2022,2,1,$2.00 ,,,,,,,
Brunswick Sq Mall,Coca Cola,Carbonated,10/29/2022,2,1,$2.00 ,,,,,,,
GuttenPlans,Coca Cola,Carbonated,10/31/2022,1.5,1,$1.50 ,,,,,,,
GuttenPlans,Coca Cola,Carbonated,10/31/2022,1.5,1,$1.50 ,,,,,,,
GuttenPlans,Coca Cola,Carbonated,10/31/2022,1.5,1,$1.50 ,,,,,,,
GuttenPlans,Coca Cola,Carbonated,10/31/2022,1.5,1,$1.50 ,,,,,,,
GuttenPlans,Coca Cola,Carbonated,10/31/2022,1.5,1,$1.50 ,,,,,,,
GuttenPlans,Coca Cola,Carbonated,11/1/2022,1.5,1,$1.50 ,,,,,,,
GuttenPlans,Coca Cola,Carbonated,11/1/2022,1.5,1,$1.50 ,,,,,,,
GuttenPlans,Coca Cola,Carbonated,11/1/2022,1.5,1,$1.50 ,,,,,,,
GuttenPlans,Coca Cola,Carbonated,11/1/2022,1.5,1,$1.50 ,,,,,,,
GuttenPlans,Coca Cola,Carbonated,11/2/2022,1.5,1,$1.50 ,,,,,,,
GuttenPlans,Coca Cola,Carbonated,11/2/2022,1.5,1,$1.50 ,,,,,,,
GuttenPlans,Coca Cola,Carbonated,11/2/2022,1.5,1,$1.50 ,,,,,,,
GuttenPlans,Coca Cola,Carbonated,11/2/2022,1.5,1,$1.50 ,,,,,,,
GuttenPlans,Coca Cola,Carbonated,11/2/2022,1.5,1,$1.50 ,,,,,,,
GuttenPlans,Coca Cola,Carbonated,11/2/2022,1.5,1,$1.50 ,,,,,,,
EB Public Library,Coca Cola,Carbonated,11/2/2022,2,1,$2.00 ,,,,,,,
EB Public Library,Coca Cola,Carbonated,11/2/2022,2,1,$2.00 ,,,,,,,
Earle Asphalt,Coca Cola,Carbonated,11/2/2022,2,1,$2.00 ,,,,,,,
GuttenPlans,Coca Cola,Carbonated,11/2/2022,1.5,1,$1.50 ,,,,,,,
GuttenPlans,Coca Cola,Carbonated,11/2/2022,1.5,1,$1.50 ,,,,,,,
GuttenPlans,Coca Cola,Carbonated,11/2/2022,1.5,1,$1.50 ,,,,,,,
GuttenPlans,Coca Cola,Carbonated,11/3/2022,1.5,1,$1.50 ,,,,,,,
GuttenPlans,Coca Cola,Carbonated,11/3/2022,1.5,1,$1.50 ,,,,,,,
EB Public Library,Coca Cola,Carbonated,11/3/2022,2,1,$2.00 ,,,,,,,
Earle Asphalt,Coca Cola,Carbonated,11/3/2022,2,1,$2.00 ,,,,,,,
GuttenPlans,Coca Cola,Carbonated,11/3/2022,1.5,1,$1.50 ,,,,,,,
GuttenPlans,Coca Cola,Carbonated,11/3/2022,1.5,1,$1.50 ,,,,,,,
GuttenPlans,Coca Cola,Carbonated,11/4/2022,1.5,1,$1.50 ,,,,,,,
EB Public Library,Coca Cola,Carbonated,11/4/2022,2,1,$2.00 ,,,,,,,
GuttenPlans,Coca Cola,Carbonated,11/4/2022,1.5,1,$1.50 ,,,,,,,
GuttenPlans,Coca Cola,Carbonated,11/4/2022,1.5,1,$1.50 ,,,,,,,
GuttenPlans,Coca Cola,Carbonated,11/4/2022,1.5,1,$1.50 ,,,,,,,
GuttenPlans,Coca Cola,Carbonated,11/4/2022,1.5,1,$1.50 ,,,,,,,
GuttenPlans,Coca Cola,Carbonated,11/4/2022,1.5,1,$1.50 ,,,,,,,
GuttenPlans,Coca Cola,Carbonated,11/4/2022,1.5,1,$1.50 ,,,,,,,
GuttenPlans,Coca Cola,Carbonated,11/4/2022,1.5,1,$1.50 ,,,,,,,
GuttenPlans,Coca Cola,Carbonated,11/5/2022,1.5,1,$1.50 ,,,,,,,
EB Public Library,Coca Cola,Carbonated,11/6/2022,2,1,$2.00 ,,,,,,,
EB Public Library,Coca Cola,Carbonated,11/7/2022,2,1,$2.00 ,,,,,,,
GuttenPlans,Coca Cola,Carbonated,11/7/2022,1.5,1,$1.50 ,,,,,,,
Earle Asphalt,Coca Cola,Carbonated,11/7/2022,2,1,$2.00 ,,,,,,,
Earle Asphalt,Coca Cola,Carbonated,11/7/2022,2,1,$2.00 ,,,,,,,
GuttenPlans,Coca Cola,Carbonated,11/7/2022,1.5,1,$1.50 ,,,,,,,
GuttenPlans,Coca Cola,Carbonated,11/7/2022,1.5,1,$1.50 ,,,,,,,
GuttenPlans,Coca Cola,Carbonated,11/7/2022,1.5,1,$1.50 ,,,,,,,
GuttenPlans,Coca Cola,Carbonated,11/7/2022,1.5,1,$1.50 ,,,,,,,
GuttenPlans,Coca Cola,Carbonated,11/8/2022,1.5,1,$1.50 ,,,,,,,
GuttenPlans,Coca Cola,Carbonated,11/8/2022,1.5,1,$1.50 ,,,,,,,
EB Public Library,Coca Cola,Carbonated,11/8/2022,2,1,$4.50 ,,,,,,,
GuttenPlans,Coca Cola,Carbonated,11/8/2022,1.5,1,$1.50 ,,,,,,,
EB Public Library,Coca Cola,Carbonated,11/8/2022,2,1,$2.00 ,,,,,,,
EB Public Library,Coca Cola,Carbonated,11/8/2022,2,1,$2.00 ,,,,,,,
GuttenPlans,Coca Cola,Carbonated,11/8/2022,1.5,1,$1.50 ,,,,,,,
GuttenPlans,Coca Cola,Carbonated,11/8/2022,1.5,1,$1.50 ,,,,,,,
GuttenPlans,Coca Cola,Carbonated,11/9/2022,1.5,1,$1.50 ,,,,,,,
GuttenPlans,Coca Cola,Carbonated,11/9/2022,1.5,1,$1.50 ,,,,,,,
Earle Asphalt,Coca Cola,Carbonated,11/9/2022,2,1,$2.00 ,,,,,,,
GuttenPlans,Coca Cola,Carbonated,11/9/2022,1.5,1,$1.50 ,,,,,,,
GuttenPlans,Coca Cola,Carbonated,11/9/2022,1.5,1,$1.50 ,,,,,,,
GuttenPlans,Coca Cola,Carbonated,11/9/2022,1.5,1,$1.50 ,,,,,,,
GuttenPlans,Coca Cola,Carbonated,11/9/2022,1.5,1,$1.50 ,,,,,,,
GuttenPlans,Coca Cola,Carbonated,11/9/2022,1.5,1,$1.50 ,,,,,,,
GuttenPlans,Coca Cola,Carbonated,11/9/2022,1.5,1,$1.50 ,,,,,,,
Earle Asphalt,Coca Cola,Carbonated,11/10/2022,2,1,$2.00 ,,,,,,,
EB Public Library,Coca Cola,Carbonated,11/10/2022,2,1,$2.00 ,,,,,,,
EB Public Library,Coca Cola,Carbonated,11/11/2022,2,1,$2.00 ,,,,,,,
EB Public Library,Coca Cola,Carbonated,11/12/2022,2,1,$2.00 ,,,,,,,
EB Public Library,Coca Cola,Carbonated,11/12/2022,2,1,$2.00 ,,,,,,,
EB Public Library,Coca Cola,Carbonated,11/14/2022,2,1,$2.00 ,,,,,,,
Earle Asphalt,Coca Cola,Carbonated,11/15/2022,2,1,$2.00 ,,,,,,,
Earle Asphalt,Coca Cola,Carbonated,11/17/2022,1.5,1,$1.50 ,,,,,,,
GuttenPlans,Coca Cola,Carbonated,11/17/2022,1.5,1,$1.50 ,,,,,,,
GuttenPlans,Coca Cola,Carbonated,11/17/2022,1.5,1,$1.50 ,,,,,,,
GuttenPlans,Coca Cola,Carbonated,11/18/2022,1.5,1,$1.50 ,,,,,,,
GuttenPlans,Coca Cola,Carbonated,11/18/2022,1.5,1,$4.00 ,,,,,,,
GuttenPlans,Coca Cola,Carbonated,11/18/2022,1.5,1,$1.50 ,,,,,,,
GuttenPlans,Coca Cola,Carbonated,11/18/2022,1.5,1,$1.50 ,,,,,,,
GuttenPlans,Coca Cola,Carbonated,11/18/2022,1.5,1,$1.50 ,,,,,,,
GuttenPlans,Coca Cola,Carbonated,11/18/2022,1.5,1,$1.50 ,,,,,,,
GuttenPlans,Coca Cola,Carbonated,11/18/2022,1.5,1,$1.50 ,,,,,,,
GuttenPlans,Coca Cola,Carbonated,11/18/2022,1.5,1,$1.50 ,,,,,,,
GuttenPlans,Coca Cola,Carbonated,11/18/2022,1.5,1,$1.50 ,,,,,,,
EB Public Library,Coca Cola,Carbonated,11/18/2022,2,1,$2.00 ,,,,,,,
EB Public Library,Coca Cola,Carbonated,11/18/2022,2,1,$2.00 ,,,,,,,
GuttenPlans,Coca Cola,Carbonated,11/18/2022,1.5,1,$1.50 ,,,,,,,
GuttenPlans,Coca Cola,Carbonated,11/18/2022,1.5,1,$1.50 ,,,,,,,
GuttenPlans,Coca Cola,Carbonated,11/18/2022,1.5,1,$1.50 ,,,,,,,
GuttenPlans,Coca Cola,Carbonated,11/19/2022,1.5,1,$1.50 ,,,,,,,
GuttenPlans,Coca Cola,Carbonated,11/19/2022,1.5,1,$1.50 ,,,,,,,
GuttenPlans,Coca Cola,Carbonated,11/19/2022,1.5,1,$1.50 ,,,,,,,
Brunswick Sq Mall,Coca Cola,Carbonated,11/19/2022,2,1,$2.00 ,,,,,,,
Brunswick Sq Mall,Coca Cola,Carbonated,11/19/2022,2,1,$2.00 ,,,,,,,
Brunswick Sq Mall,Coca Cola,Carbonated,11/19/2022,1.5,1,$1.50 ,,,,,,,
EB Public Library,Coca Cola,Carbonated,11/20/2022,2,1,$2.00 ,,,,,,,
EB Public Library,Coca Cola,Carbonated,11/21/2022,2,1,$2.00 ,,,,,,,
EB Public Library,Coca Cola,Carbonated,11/21/2022,2,1,$2.00 ,,,,,,,
GuttenPlans,Coca Cola,Carbonated,11/21/2022,1.5,1,$1.50 ,,,,,,,
GuttenPlans,Coca Cola,Carbonated,11/22/2022,1.5,1,$1.50 ,,,,,,,
GuttenPlans,Coca Cola,Carbonated,11/22/2022,1.5,1,$1.50 ,,,,,,,
GuttenPlans,Coca Cola,Carbonated,11/22/2022,1.5,1,$1.50 ,,,,,,,
GuttenPlans,Coca Cola,Carbonated,11/22/2022,1.5,1,$1.50 ,,,,,,,
GuttenPlans,Coca Cola,Carbonated,11/22/2022,1.5,1,$1.50 ,,,,,,,
GuttenPlans,Coca Cola,Carbonated,11/22/2022,1.5,1,$1.50 ,,,,,,,
GuttenPlans,Coca Cola,Carbonated,11/22/2022,1.5,1,$1.50 ,,,,,,,
GuttenPlans,Coca Cola,Carbonated,11/22/2022,1.5,1,$1.50 ,,,,,,,
GuttenPlans,Coca Cola,Carbonated,11/22/2022,1.5,1,$1.50 ,,,,,,,
GuttenPlans,Coca Cola,Carbonated,11/23/2022,1.5,1,$1.50 ,,,,,,,
GuttenPlans,Coca Cola,Carbonated,11/23/2022,1.5,1,$1.50 ,,,,,,,
GuttenPlans,Coca Cola,Carbonated,11/23/2022,1.5,1,$1.50 ,,,,,,,
GuttenPlans,Coca Cola,Carbonated,11/23/2022,1.5,1,$1.50 ,,,,,,,
GuttenPlans,Coca Cola,Carbonated,11/23/2022,1.5,1,$1.50 ,,,,,,,
GuttenPlans,Coca Cola,Carbonated,11/23/2022,1.5,1,$1.50 ,,,,,,,
GuttenPlans,Coca Cola,Carbonated,11/23/2022,1.5,1,$1.50 ,,,,,,,
Brunswick Sq Mall,Coca Cola,Carbonated,11/25/2022,2,1,$2.00 ,,,,,,,
Brunswick Sq Mall,Coca Cola,Carbonated,11/26/2022,2,1,$2.00 ,,,,,,,
Brunswick Sq Mall,Coca Cola,Carbonated,11/26/2022,2,1,$2.00 ,,,,,,,
Brunswick Sq Mall,Coca Cola,Carbonated,11/26/2022,2,1,$2.00 ,,,,,,,
Brunswick Sq Mall,Coca Cola,Carbonated,11/26/2022,2,1,$2.00 ,,,,,,,
Brunswick Sq Mall,Coca Cola,Carbonated,11/26/2022,2,1,$2.00 ,,,,,,,
Earle Asphalt,Coca Cola,Carbonated,11/28/2022,1.5,1,$1.50 ,,,,,,,
Brunswick Sq Mall,Coca Cola,Carbonated,11/28/2022,2,1,$2.00 ,,,,,,,
Brunswick Sq Mall,Coca Cola,Carbonated,11/28/2022,1.5,1,$1.50 ,,,,,,,
Brunswick Sq Mall,Coca Cola,Carbonated,11/29/2022,2,1,$4.50 ,,,,,,,
GuttenPlans,Coca Cola,Carbonated,11/29/2022,1.5,1,$1.50 ,,,,,,,
Brunswick Sq Mall,Coca Cola,Carbonated,11/30/2022,2,1,$2.00 ,,,,,,,
GuttenPlans,Coca Cola,Carbonated,11/30/2022,1.5,1,$1.50 ,,,,,,,
GuttenPlans,Coca Cola,Carbonated,11/30/2022,1.5,1,$1.50 ,,,,,,,
GuttenPlans,Coca Cola,Carbonated,11/30/2022,1.5,1,$1.50 ,,,,,,,
GuttenPlans,Coca Cola,Carbonated,11/30/2022,1.5,1,$1.50 ,,,,,,,
EB Public Library,Coca Cola,Carbonated,12/1/2022,2,1,$2.00 ,,,,,,,
EB Public Library,Coca Cola,Carbonated,12/1/2022,2,1,$2.00 ,,,,,,,
EB Public Library,Coca Cola,Carbonated,12/1/2022,2,1,$2.00 ,,,,,,,
EB Public Library,Coca Cola,Carbonated,12/1/2022,2,1,$2.00 ,,,,,,,
EB Public Library,Coca Cola,Carbonated,12/1/2022,2,1,$2.00 ,,,,,,,
GuttenPlans,Coca Cola,Carbonated,12/1/2022,1.5,1,$1.50 ,,,,,,,
GuttenPlans,Coca Cola,Carbonated,12/1/2022,1.5,1,$1.50 ,,,,,,,
EB Public Library,Coca Cola,Carbonated,12/2/2022,2,1,$2.00 ,,,,,,,
Earle Asphalt,Coca Cola,Carbonated,12/2/2022,1.5,1,$1.50 ,,,,,,,
Earle Asphalt,Coca Cola,Carbonated,12/2/2022,1.5,1,$1.50 ,,,,,,,
Earle Asphalt,Coca Cola,Carbonated,12/2/2022,1.5,1,$1.50 ,,,,,,,
GuttenPlans,Coca Cola,Carbonated,12/2/2022,1.5,1,$1.50 ,,,,,,,
Brunswick Sq Mall,Coca Cola,Carbonated,12/2/2022,2,1,$2.00 ,,,,,,,
GuttenPlans,Coca Cola,Carbonated,12/2/2022,1.5,1,$1.50 ,,,,,,,
GuttenPlans,Coca Cola,Carbonated,12/2/2022,1.5,1,$1.50 ,,,,,,,
EB Public Library,Coca Cola,Carbonated,12/4/2022,2,1,$2.00 ,,,,,,,
EB Public Library,Coca Cola,Carbonated,12/4/2022,2,1,$2.00 ,,,,,,,
EB Public Library,Coca Cola,Carbonated,12/4/2022,2,1,$2.00 ,,,,,,,
GuttenPlans,Coca Cola,Carbonated,12/5/2022,1.5,1,$1.50 ,,,,,,,
Brunswick Sq Mall,Coca Cola,Carbonated,12/6/2022,1.5,1,$1.50 ,,,,,,,
EB Public Library,Coca Cola,Carbonated,12/6/2022,2,1,$6.00 ,,,,,,,
EB Public Library,Coca Cola,Carbonated,12/6/2022,2,1,$2.00 ,,,,,,,
Earle Asphalt,Coca Cola,Carbonated,12/8/2022,1.5,1,$3.00 ,,,,,,,
EB Public Library,Coca Cola,Carbonated,12/8/2022,2,1,$3.50 ,,,,,,,
EB Public Library,Coca Cola,Carbonated,12/8/2022,2,1,$2.00 ,,,,,,,
EB Public Library,Coca Cola,Carbonated,12/8/2022,2,1,$2.00 ,,,,,,,
Brunswick Sq Mall,Coca Cola,Carbonated,12/19/2022,1.5,1,$1.50 ,,,,,,,
Brunswick Sq Mall,Coca Cola,Carbonated,12/20/2022,1.5,1,$1.50 ,,,,,,,
EB Public Library,Coca Cola,Carbonated,12/22/2022,2,1,$2.00 ,,,,,,,
EB Public Library,Coca Cola,Carbonated,12/22/2022,2,1,$2.00 ,,,,,,,
EB Public Library,Coca Cola,Carbonated,12/22/2022,2,1,$2.00 ,,,,,,,
EB Public Library,Coca Cola,Carbonated,12/22/2022,2,1,$2.00 ,,,,,,,
EB Public Library,Coca Cola,Carbonated,12/22/2022,2,1,$2.00 ,,,,,,,
EB Public Library,Coca Cola,Carbonated,12/23/2022,2,1,$5.00 ,,,,,,,
Brunswick Sq Mall,Coca Cola,Carbonated,12/26/2022,1.5,1,$1.50 ,,,,,,,
EB Public Library,Coca Cola,Carbonated,12/27/2022,2,1,$2.00 ,,,,,,,
EB Public Library,Coca Cola,Carbonated,12/28/2022,2,1,$2.00 ,,,,,,,
EB Public Library,Coca Cola,Carbonated,12/29/2022,2,1,$2.00 ,,,,,,,
EB Public Library,Coca Cola,Carbonated,12/29/2022,2,1,$2.00 ,,,,,,,
EB Public Library,Coca Cola,Carbonated,12/30/2022,2,1,$2.00 ,,,,,,,
EB Public Library,Coca Cola,Carbonated,12/30/2022,2,1,$4.00 ,,,,,,,
GuttenPlans,Coca Cola,Carbonated,12/30/2022,1.5,1,$1.50 ,,,,,,,
GuttenPlans,Coca Cola,Carbonated,12/30/2022,1.5,1,$1.50 ,,,,,,,
EB Public Library,Coca Cola,Carbonated,12/30/2022,2,1,$2.00 ,,,,,,,
GuttenPlans,Coca Cola,Carbonated,12/30/2022,1.5,1,$1.50 ,,,,,,,
EB Public Library,Coca Cola,Carbonated,12/30/2022,2,1,$2.00 ,,,,,,,
Brunswick Sq Mall,Coca Cola,Carbonated,12/31/2022,1.5,1,$1.50 ,,,,,,,
Brunswick Sq Mall,Coca Cola,Carbonated,2/27/2022,1.5,2,$4.50 ,,,,,,,
EB Public Library,Coca Cola,Carbonated,4/6/2022,1.5,2,$3.00 ,,,,,,,
EB Public Library,Coca Cola,Carbonated,5/8/2022,1.5,2,$3.00 ,,,,,,,
EB Public Library,Coca Cola,Carbonated,5/16/2022,1.5,2,$3.00 ,,,,,,,
GuttenPlans,Coca Cola,Carbonated,6/15/2022,1.5,2,$5.50 ,,,,,,,
GuttenPlans,Coca Cola,Carbonated,6/28/2022,1.5,2,$4.50 ,,,,,,,
GuttenPlans,Coca Cola,Carbonated,6/28/2022,1.5,2,$4.50 ,,,,,,,
EB Public Library,Coca Cola,Carbonated,7/22/2022,1.5,2,$5.50 ,,,,,,,
Brunswick Sq Mall,Coca Cola,Carbonated,7/26/2022,1.5,2,$3.00 ,,,,,,,
Brunswick Sq Mall,Coca Cola,Carbonated,7/29/2022,1.5,2,$3.00 ,,,,,,,
GuttenPlans,Coca Cola,Carbonated,8/19/2022,1.5,2,$4.50 ,,,,,,,
GuttenPlans,Coca Cola,Carbonated,9/7/2022,1.5,2,$4.50 ,,,,,,,
EB Public Library,Coca Cola,Carbonated,9/10/2022,4,2,$8.00 ,,,,,,,
EB Public Library,Coca Cola,Carbonated,9/21/2022,2,2,$4.00 ,,,,,,,
EB Public Library,Coca Cola,Carbonated,10/7/2022,2,2,$4.00 ,,,,,,,
GuttenPlans,Coca Cola,Carbonated,10/25/2022,1.5,2,$3.00 ,,,,,,,
EB Public Library,Coca Cola,Carbonated,10/27/2022,2,2,$4.00 ,,,,,,,
EB Public Library,Coca Cola,Carbonated,12/2/2022,2,2,$4.00 ,,,,,,,
EB Public Library,Coca Cola,Carbonated,12/6/2022,2,2,$4.00 ,,,,,,,
EB Public Library,Coca Cola,Carbonated,12/21/2022,2,2,$4.00 ,,,,,,,
