Location,Product,Category,TransDate,RPrice,RQty,TransTotal,,,,,,,,
Brunswick Sq Mall,Pepsi Cola,Carbonated,1/1/2022,3.5,1,$3.50,,,,,,,,
Brunswick Sq Mall,Pepsi Cola,Carbonated,1/1/2022,3.5,1,$5.00,,,,,,,,
Brunswick Sq Mall,Pepsi Cola,Carbonated,1/1/2022,3.5,1,$3.50,,,,,,,,
GuttenPlans,Pepsi Cola,Carbonated,1/4/2022,1,1,$1.00,,,,,,,,
GuttenPlans,Pepsi Cola,Carbonated,1/4/2022,1,1,$1.00,,,,,,,,
GuttenPlans,Pepsi Cola,Carbonated,1/4/2022,1,1,$1.00,,,Month,Total,,,,
Brunswick Sq Mall,Pepsi Cola,Carbonated,1/17/2022,1.5,1,$1.50,,,Jan ,40.25,,,,
Brunswick Sq Mall,Pepsi Cola,Carbonated,1/18/2022,1.5,1,$1.50,,,Feb,61.75,,,Min,1
Earle Asphalt,Pepsi Cola,Carbonated,1/20/2022,2,1,$2.00,,,Mar,82,,,Quartile1,1
Earle Asphalt,Pepsi Cola,Carbonated,1/20/2022,2,1,$2.00,,,Apr,124.5,,,Median,1
Brunswick Sq Mall,Pepsi Cola,Carbonated,1/21/2022,1.25,1,$1.25,,,May,145.75,,,Quartile3,1
Earle Asphalt,Pepsi Cola,Carbonated,1/25/2022,2,1,$2.00,,,June,247.25,,,Max,2
GuttenPlans,Pepsi Cola,Carbonated,1/25/2022,1,1,$1.00,,,Jul,167,,,,
GuttenPlans,Pepsi Cola,Carbonated,1/25/2022,1,1,$1.00,,,Aug,218.5,,,Lower Fence,-0.5
GuttenPlans,Pepsi Cola,Carbonated,1/25/2022,1,1,$1.00,,,Sept,146.5,,,IQR,1
GuttenPlans,Pepsi Cola,Carbonated,1/26/2022,1,1,$1.00,,,Oct,141.5,,,Upper Fence,2.5
GuttenPlans,Pepsi Cola,Carbonated,1/26/2022,1,1,$1.00,,,Nov,173.5,,,,
GuttenPlans,Pepsi Cola,Carbonated,1/26/2022,1,1,$1.00,,,Dec,154.75,,,,
GuttenPlans,Pepsi Cola,Carbonated,1/26/2022,1,1,$1.00,,,,,,,,
Earle Asphalt,Pepsi Cola,Carbonated,1/27/2022,2,1,$2.00,,,,,,,,
GuttenPlans,Pepsi Cola,Carbonated,1/27/2022,1,1,$1.00,,,,,,,,
GuttenPlans,Pepsi Cola,Carbonated,1/27/2022,1,1,$1.00,,,,,,,,
GuttenPlans,Pepsi Cola,Carbonated,1/28/2022,1,1,$1.00,,,,,,,,
GuttenPlans,Pepsi Cola,Carbonated,1/28/2022,1,1,$1.00,,,,,,,,
GuttenPlans,Pepsi Cola,Carbonated,1/31/2022,1,1,$1.00,,,,,,,,
GuttenPlans,Pepsi Cola,Carbonated,2/1/2022,1,1,$1.00,,,,,,,,
GuttenPlans,Pepsi Cola,Carbonated,2/1/2022,1,1,$1.00,,,,,,,,
GuttenPlans,Pepsi Cola,Carbonated,2/1/2022,1,1,$1.00,,,,,,,,
GuttenPlans,Pepsi Cola,Carbonated,2/1/2022,1,1,$1.00,,,,,,,,
GuttenPlans,Pepsi Cola,Carbonated,2/1/2022,1,1,$1.00,,,,,,,,
Earle Asphalt,Pepsi Cola,Carbonated,2/3/2022,1.5,1,$1.50,,,,,,,,
GuttenPlans,Pepsi Cola,Carbonated,2/3/2022,1,1,$1.00,,,,,,,,
GuttenPlans,Pepsi Cola,Carbonated,2/3/2022,1,1,$1.00,,,,,,,,
GuttenPlans,Pepsi Cola,Carbonated,2/3/2022,1,1,$1.00,,,,,,,,
GuttenPlans,Pepsi Cola,Carbonated,2/3/2022,1,1,$1.00,,,,,,,,
GuttenPlans,Pepsi Cola,Carbonated,2/3/2022,1,1,$1.00,,,,,,,,
GuttenPlans,Pepsi Cola,Carbonated,2/4/2022,1,1,$1.00,,,,,,,,
Earle Asphalt,Pepsi Cola,Carbonated,2/4/2022,2,1,$2.00,,,,,,,,
GuttenPlans,Pepsi Cola,Carbonated,2/4/2022,1,1,$1.00,,,,,,,,
Brunswick Sq Mall,Pepsi Cola,Carbonated,2/5/2022,1.25,1,$1.25,,,,,,,,
Brunswick Sq Mall,Pepsi Cola,Carbonated,2/7/2022,1.5,1,$1.50,,,,,,,,
Earle Asphalt,Pepsi Cola,Carbonated,2/7/2022,2,1,$2.00,,,,,,,,
GuttenPlans,Pepsi Cola,Carbonated,2/7/2022,1,1,$1.00,,,,,,,,
GuttenPlans,Pepsi Cola,Carbonated,2/7/2022,1,1,$1.00,,,,,,,,
GuttenPlans,Pepsi Cola,Carbonated,2/7/2022,1,1,$1.00,,,,,,,,
Earle Asphalt,Pepsi Cola,Carbonated,2/8/2022,2,1,$2.00,,,,,,,,
Brunswick Sq Mall,Pepsi Cola,Carbonated,2/8/2022,1.25,1,$1.25,,,,,,,,
Brunswick Sq Mall,Pepsi Cola,Carbonated,2/8/2022,1.25,1,$1.25,,,,,,,,
GuttenPlans,Pepsi Cola,Carbonated,2/8/2022,1,1,$1.00,,,,,,,,
GuttenPlans,Pepsi Cola,Carbonated,2/9/2022,1,1,$1.00,,,,,,,,
GuttenPlans,Pepsi Cola,Carbonated,2/9/2022,1,1,$1.00,,,,,,,,
Earle Asphalt,Pepsi Cola,Carbonated,2/10/2022,2,1,$2.00,,,,,,,,
GuttenPlans,Pepsi Cola,Carbonated,2/10/2022,1,1,$1.00,,,,,,,,
Earle Asphalt,Pepsi Cola,Carbonated,2/11/2022,2,1,$2.00,,,,,,,,
Brunswick Sq Mall,Pepsi Cola,Carbonated,2/11/2022,1.5,1,$1.50,,,,,,,,
GuttenPlans,Pepsi Cola,Carbonated,2/11/2022,1,1,$1.00,,,,,,,,
GuttenPlans,Pepsi Cola,Carbonated,2/14/2022,1,1,$1.00,,,,,,,,
GuttenPlans,Pepsi Cola,Carbonated,2/14/2022,1,1,$1.00,,,,,,,,
GuttenPlans,Pepsi Cola,Carbonated,2/14/2022,1,1,$1.00,,,,,,,,
GuttenPlans,Pepsi Cola,Carbonated,2/14/2022,1,1,$1.00,,,,,,,,
GuttenPlans,Pepsi Cola,Carbonated,2/14/2022,1,1,$1.00,,,,,,,,
GuttenPlans,Pepsi Cola,Carbonated,2/14/2022,1,1,$1.00,,,,,,,,
Earle Asphalt,Pepsi Cola,Carbonated,2/18/2022,1.5,1,$5.50,,,,,,,,
Earle Asphalt,Pepsi Cola,Carbonated,2/21/2022,2,1,$2.00,,,,,,,,
Earle Asphalt,Pepsi Cola,Carbonated,2/23/2022,2,1,$2.00,,,,,,,,
Earle Asphalt,Pepsi Cola,Carbonated,2/23/2022,2,1,$2.00,,,,,,,,
Earle Asphalt,Pepsi Cola,Carbonated,2/24/2022,2,1,$2.00,,,,,,,,
GuttenPlans,Pepsi Cola,Carbonated,2/26/2022,1,1,$1.00,,,,,,,,
Earle Asphalt,Pepsi Cola,Carbonated,2/28/2022,2,1,$2.00,,,,,,,,
GuttenPlans,Pepsi Cola,Carbonated,2/28/2022,1,1,$1.00,,,,,,,,
GuttenPlans,Pepsi Cola,Carbonated,3/1/2022,1,1,$1.00,,,,,,,,
Earle Asphalt,Pepsi Cola,Carbonated,3/1/2022,2,1,$2.00,,,,,,,,
GuttenPlans,Pepsi Cola,Carbonated,3/1/2022,1,1,$1.00,,,,,,,,
Earle Asphalt,Pepsi Cola,Carbonated,3/2/2022,2,1,$2.00,,,,,,,,
GuttenPlans,Pepsi Cola,Carbonated,3/2/2022,1,1,$1.00,,,,,,,,
GuttenPlans,Pepsi Cola,Carbonated,3/3/2022,1,1,$1.00,,,,,,,,
GuttenPlans,Pepsi Cola,Carbonated,3/4/2022,1,1,$1.00,,,,,,,,
GuttenPlans,Pepsi Cola,Carbonated,3/4/2022,1,1,$1.00,,,,,,,,
GuttenPlans,Pepsi Cola,Carbonated,3/4/2022,1,1,$1.00,,,,,,,,
GuttenPlans,Pepsi Cola,Carbonated,3/5/2022,1,1,$1.00,,,,,,,,
GuttenPlans,Pepsi Cola,Carbonated,3/7/2022,1,1,$1.00,,,,,,,,
GuttenPlans,Pepsi Cola,Carbonated,3/8/2022,1,1,$1.00,,,,,,,,
GuttenPlans,Pepsi Cola,Carbonated,3/8/2022,1,1,$1.00,,,,,,,,
GuttenPlans,Pepsi Cola,Carbonated,3/8/2022,1,1,$1.00,,,,,,,,
GuttenPlans,Pepsi Cola,Carbonated,3/8/2022,1,1,$1.00,,,,,,,,
GuttenPlans,Pepsi Cola,Carbonated,3/9/2022,1,1,$1.00,,,,,,,,
GuttenPlans,Pepsi Cola,Carbonated,3/9/2022,1,1,$1.00,,,,,,,,
GuttenPlans,Pepsi Cola,Carbonated,3/10/2022,1,1,$1.00,,,,,,,,
Brunswick Sq Mall,Pepsi Cola,Carbonated,3/13/2022,1.5,1,$1.50,,,,,,,,
EB Public Library,Pepsi Cola,Carbonated,3/15/2022,1.5,1,$1.50,,,,,,,,
EB Public Library,Pepsi Cola,Carbonated,3/15/2022,1.5,1,$1.50,,,,,,,,
EB Public Library,Pepsi Cola,Carbonated,3/16/2022,2,1,$2.00,,,,,,,,
EB Public Library,Pepsi Cola,Carbonated,3/16/2022,1.5,1,$1.50,,,,,,,,
Brunswick Sq Mall,Pepsi Cola,Carbonated,3/16/2022,1.5,1,$1.50,,,,,,,,
EB Public Library,Pepsi Cola,Carbonated,3/18/2022,1.5,1,$1.50,,,,,,,,
EB Public Library,Pepsi Cola,Carbonated,3/18/2022,1.5,1,$1.50,,,,,,,,
EB Public Library,Pepsi Cola,Carbonated,3/22/2022,1.5,1,$1.50,,,,,,,,
EB Public Library,Pepsi Cola,Carbonated,3/22/2022,1.5,1,$1.50,,,,,,,,
EB Public Library,Pepsi Cola,Carbonated,3/24/2022,2,1,$2.00,,,,,,,,
EB Public Library,Pepsi Cola,Carbonated,3/25/2022,3,1,$3.00,,,,,,,,
EB Public Library,Pepsi Cola,Carbonated,3/25/2022,2,1,$3.25,,,,,,,,
GuttenPlans,Pepsi Cola,Carbonated,3/25/2022,1,1,$1.00,,,,,,,,
GuttenPlans,Pepsi Cola,Carbonated,3/26/2022,1.5,1,$1.50,,,,,,,,
GuttenPlans,Pepsi Cola,Carbonated,3/26/2022,1,1,$1.00,,,,,,,,
EB Public Library,Pepsi Cola,Carbonated,3/26/2022,1.5,1,$1.50,,,,,,,,
Brunswick Sq Mall,Pepsi Cola,Carbonated,3/27/2022,3.5,1,$3.50,,,,,,,,
GuttenPlans,Pepsi Cola,Carbonated,3/28/2022,1,1,$1.00,,,,,,,,
GuttenPlans,Pepsi Cola,Carbonated,3/29/2022,1.5,1,$1.50,,,,,,,,
GuttenPlans,Pepsi Cola,Carbonated,3/29/2022,1,1,$1.00,,,,,,,,
GuttenPlans,Pepsi Cola,Carbonated,3/29/2022,1,1,$4.00,,,,,,,,
EB Public Library,Pepsi Cola,Carbonated,3/29/2022,1.5,1,$1.50,,,,,,,,
GuttenPlans,Pepsi Cola,Carbonated,3/29/2022,1,1,$1.00,,,,,,,,
EB Public Library,Pepsi Cola,Carbonated,3/30/2022,1.5,1,$1.50,,,,,,,,
GuttenPlans,Pepsi Cola,Carbonated,3/30/2022,1.5,1,$4.25,,,,,,,,
Brunswick Sq Mall,Pepsi Cola,Carbonated,3/30/2022,3.5,1,$3.50,,,,,,,,
Brunswick Sq Mall,Pepsi Cola,Carbonated,3/30/2022,3.5,1,$3.50,,,,,,,,
GuttenPlans,Pepsi Cola,Carbonated,3/30/2022,1,1,$1.00,,,,,,,,
GuttenPlans,Pepsi Cola,Carbonated,3/30/2022,1,1,$1.00,,,,,,,,
GuttenPlans,Pepsi Cola,Carbonated,3/30/2022,1,1,$1.00,,,,,,,,
GuttenPlans,Pepsi Cola,Carbonated,3/31/2022,1,1,$1.00,,,,,,,,
GuttenPlans,Pepsi Cola,Carbonated,3/31/2022,1,1,$1.00,,,,,,,,
EB Public Library,Pepsi Cola,Carbonated,3/31/2022,1.5,1,$1.50,,,,,,,,
EB Public Library,Pepsi Cola,Carbonated,4/1/2022,1.5,1,$1.50,,,,,,,,
Brunswick Sq Mall,Pepsi Cola,Carbonated,4/1/2022,3.5,1,$3.50,,,,,,,,
Brunswick Sq Mall,Pepsi Cola,Carbonated,4/1/2022,3.5,1,$3.50,,,,,,,,
GuttenPlans,Pepsi Cola,Carbonated,4/1/2022,1,1,$1.00,,,,,,,,
GuttenPlans,Pepsi Cola,Carbonated,4/2/2022,1,1,$1.00,,,,,,,,
EB Public Library,Pepsi Cola,Carbonated,4/2/2022,1.5,1,$1.50,,,,,,,,
EB Public Library,Pepsi Cola,Carbonated,4/4/2022,1.5,1,$1.50,,,,,,,,
EB Public Library,Pepsi Cola,Carbonated,4/4/2022,1.5,1,$1.50,,,,,,,,
EB Public Library,Pepsi Cola,Carbonated,4/4/2022,1.5,1,$1.50,,,,,,,,
EB Public Library,Pepsi Cola,Carbonated,4/5/2022,1.5,1,$1.50,,,,,,,,
GuttenPlans,Pepsi Cola,Carbonated,4/5/2022,1,1,$1.00,,,,,,,,
GuttenPlans,Pepsi Cola,Carbonated,4/5/2022,1,1,$1.00,,,,,,,,
GuttenPlans,Pepsi Cola,Carbonated,4/5/2022,1,1,$1.00,,,,,,,,
GuttenPlans,Pepsi Cola,Carbonated,4/5/2022,1,1,$1.00,,,,,,,,
GuttenPlans,Pepsi Cola,Carbonated,4/5/2022,1,1,$1.00,,,,,,,,
GuttenPlans,Pepsi Cola,Carbonated,4/5/2022,1,1,$1.00,,,,,,,,
GuttenPlans,Pepsi Cola,Carbonated,4/5/2022,1,1,$1.00,,,,,,,,
GuttenPlans,Pepsi Cola,Carbonated,4/5/2022,1,1,$1.00,,,,,,,,
GuttenPlans,Pepsi Cola,Carbonated,4/6/2022,1,1,$1.00,,,,,,,,
GuttenPlans,Pepsi Cola,Carbonated,4/6/2022,1.5,1,$1.50,,,,,,,,
EB Public Library,Pepsi Cola,Carbonated,4/7/2022,1.5,1,$1.50,,,,,,,,
EB Public Library,Pepsi Cola,Carbonated,4/7/2022,1.5,1,$3.50,,,,,,,,
EB Public Library,Pepsi Cola,Carbonated,4/7/2022,1.5,1,$1.50,,,,,,,,
GuttenPlans,Pepsi Cola,Carbonated,4/7/2022,1.5,1,$1.50,,,,,,,,
GuttenPlans,Pepsi Cola,Carbonated,4/8/2022,1,1,$1.00,,,,,,,,
GuttenPlans,Pepsi Cola,Carbonated,4/8/2022,1,1,$1.00,,,,,,,,
GuttenPlans,Pepsi Cola,Carbonated,4/8/2022,1,1,$1.00,,,,,,,,
GuttenPlans,Pepsi Cola,Carbonated,4/9/2022,1,1,$1.00,,,,,,,,
Brunswick Sq Mall,Pepsi Cola,Carbonated,4/9/2022,3.5,1,$3.50,,,,,,,,
EB Public Library,Pepsi Cola,Carbonated,4/11/2022,1.5,1,$1.50,,,,,,,,
GuttenPlans,Pepsi Cola,Carbonated,4/11/2022,1,1,$1.00,,,,,,,,
GuttenPlans,Pepsi Cola,Carbonated,4/11/2022,1,1,$1.00,,,,,,,,
GuttenPlans,Pepsi Cola,Carbonated,4/11/2022,1,1,$1.00,,,,,,,,
GuttenPlans,Pepsi Cola,Carbonated,4/12/2022,1,1,$1.00,,,,,,,,
EB Public Library,Pepsi Cola,Carbonated,4/12/2022,2,1,$2.00,,,,,,,,
EB Public Library,Pepsi Cola,Carbonated,4/12/2022,1.5,1,$1.50,,,,,,,,
EB Public Library,Pepsi Cola,Carbonated,4/12/2022,1.5,1,$1.50,,,,,,,,
EB Public Library,Pepsi Cola,Carbonated,4/13/2022,2,1,$2.00,,,,,,,,
GuttenPlans,Pepsi Cola,Carbonated,4/13/2022,1,1,$1.00,,,,,,,,
GuttenPlans,Pepsi Cola,Carbonated,4/13/2022,1,1,$1.00,,,,,,,,
GuttenPlans,Pepsi Cola,Carbonated,4/14/2022,1,1,$1.00,,,,,,,,
GuttenPlans,Pepsi Cola,Carbonated,4/14/2022,1,1,$1.00,,,,,,,,
GuttenPlans,Pepsi Cola,Carbonated,4/15/2022,1,1,$1.00,,,,,,,,
GuttenPlans,Pepsi Cola,Carbonated,4/15/2022,1,1,$1.00,,,,,,,,
EB Public Library,Pepsi Cola,Carbonated,4/16/2022,3,1,$3.00,,,,,,,,
Brunswick Sq Mall,Pepsi Cola,Carbonated,4/16/2022,1.5,1,$1.50,,,,,,,,
EB Public Library,Pepsi Cola,Carbonated,4/16/2022,1.5,1,$1.50,,,,,,,,
Brunswick Sq Mall,Pepsi Cola,Carbonated,4/18/2022,1.5,1,$1.50,,,,,,,,
GuttenPlans,Pepsi Cola,Carbonated,4/18/2022,1,1,$1.00,,,,,,,,
GuttenPlans,Pepsi Cola,Carbonated,4/18/2022,1,1,$1.00,,,,,,,,
GuttenPlans,Pepsi Cola,Carbonated,4/18/2022,1,1,$1.00,,,,,,,,
GuttenPlans,Pepsi Cola,Carbonated,4/18/2022,1,1,$1.00,,,,,,,,
GuttenPlans,Pepsi Cola,Carbonated,4/18/2022,1,1,$1.00,,,,,,,,
EB Public Library,Pepsi Cola,Carbonated,4/19/2022,1.5,1,$1.50,,,,,,,,
EB Public Library,Pepsi Cola,Carbonated,4/20/2022,2,1,$2.00,,,,,,,,
EB Public Library,Pepsi Cola,Carbonated,4/20/2022,1.5,1,$1.50,,,,,,,,
EB Public Library,Pepsi Cola,Carbonated,4/20/2022,1.5,1,$1.50,,,,,,,,
EB Public Library,Pepsi Cola,Carbonated,4/21/2022,1.5,1,$1.50,,,,,,,,
GuttenPlans,Pepsi Cola,Carbonated,4/22/2022,1.25,1,$1.25,,,,,,,,
GuttenPlans,Pepsi Cola,Carbonated,4/23/2022,1.25,1,$1.25,,,,,,,,
Brunswick Sq Mall,Pepsi Cola,Carbonated,4/23/2022,3.5,1,$3.50,,,,,,,,
Brunswick Sq Mall,Pepsi Cola,Carbonated,4/23/2022,1.5,1,$1.50,,,,,,,,
GuttenPlans,Pepsi Cola,Carbonated,4/23/2022,1.25,1,$1.25,,,,,,,,
Brunswick Sq Mall,Pepsi Cola,Carbonated,4/24/2022,1.5,1,$1.50,,,,,,,,
EB Public Library,Pepsi Cola,Carbonated,4/25/2022,1.5,1,$1.50,,,,,,,,
EB Public Library,Pepsi Cola,Carbonated,4/25/2022,1.5,1,$3.50,,,,,,,,
GuttenPlans,Pepsi Cola,Carbonated,4/25/2022,1.25,1,$1.25,,,,,,,,
GuttenPlans,Pepsi Cola,Carbonated,4/26/2022,1.25,1,$1.25,,,,,,,,
GuttenPlans,Pepsi Cola,Carbonated,4/26/2022,1.25,1,$1.25,,,,,,,,
EB Public Library,Pepsi Cola,Carbonated,4/26/2022,1.5,1,$1.50,,,,,,,,
GuttenPlans,Pepsi Cola,Carbonated,4/26/2022,1.25,1,$1.25,,,,,,,,
GuttenPlans,Pepsi Cola,Carbonated,4/26/2022,1.25,1,$1.25,,,,,,,,
GuttenPlans,Pepsi Cola,Carbonated,4/26/2022,1.25,1,$1.25,,,,,,,,
EB Public Library,Pepsi Cola,Carbonated,4/27/2022,2,1,$2.00,,,,,,,,
GuttenPlans,Pepsi Cola,Carbonated,4/27/2022,1.25,1,$1.25,,,,,,,,
EB Public Library,Pepsi Cola,Carbonated,4/28/2022,2,1,$2.00,,,,,,,,
GuttenPlans,Pepsi Cola,Carbonated,4/28/2022,1.25,1,$1.25,,,,,,,,
GuttenPlans,Pepsi Cola,Carbonated,4/29/2022,1.25,1,$1.25,,,,,,,,
GuttenPlans,Pepsi Cola,Carbonated,4/29/2022,1.25,1,$1.25,,,,,,,,
GuttenPlans,Pepsi Cola,Carbonated,4/29/2022,1.25,1,$1.25,,,,,,,,
EB Public Library,Pepsi Cola,Carbonated,4/30/2022,1.5,1,$1.50,,,,,,,,
Brunswick Sq Mall,Pepsi Cola,Carbonated,4/30/2022,3.5,1,$3.50,,,,,,,,
Brunswick Sq Mall,Pepsi Cola,Carbonated,5/1/2022,3.5,1,$3.50,,,,,,,,
EB Public Library,Pepsi Cola,Carbonated,5/2/2022,1.5,1,$3.50,,,,,,,,
EB Public Library,Pepsi Cola,Carbonated,5/3/2022,2,1,$4.00,,,,,,,,
GuttenPlans,Pepsi Cola,Carbonated,5/3/2022,1.25,1,$1.25,,,,,,,,
GuttenPlans,Pepsi Cola,Carbonated,5/3/2022,1.25,1,$1.25,,,,,,,,
GuttenPlans,Pepsi Cola,Carbonated,5/4/2022,1.25,1,$1.25,,,,,,,,
EB Public Library,Pepsi Cola,Carbonated,5/4/2022,1.5,1,$3.50,,,,,,,,
Brunswick Sq Mall,Pepsi Cola,Carbonated,5/4/2022,3.5,1,$3.50,,,,,,,,
EB Public Library,Pepsi Cola,Carbonated,5/5/2022,1.5,1,$1.50,,,,,,,,
EB Public Library,Pepsi Cola,Carbonated,5/5/2022,1.5,1,$3.50,,,,,,,,
EB Public Library,Pepsi Cola,Carbonated,5/6/2022,1.5,1,$1.50,,,,,,,,
EB Public Library,Pepsi Cola,Carbonated,5/6/2022,1.5,1,$3.50,,,,,,,,
EB Public Library,Pepsi Cola,Carbonated,5/6/2022,1.5,1,$1.50,,,,,,,,
EB Public Library,Pepsi Cola,Carbonated,5/6/2022,1.5,1,$1.50,,,,,,,,
Brunswick Sq Mall,Pepsi Cola,Carbonated,5/7/2022,1.5,1,$1.50,,,,,,,,
Brunswick Sq Mall,Pepsi Cola,Carbonated,5/8/2022,1.5,1,$1.50,,,,,,,,
Brunswick Sq Mall,Pepsi Cola,Carbonated,5/8/2022,1.5,1,$1.50,,,,,,,,
Brunswick Sq Mall,Pepsi Cola,Carbonated,5/12/2022,1.5,1,$1.50,,,,,,,,
Brunswick Sq Mall,Pepsi Cola,Carbonated,5/13/2022,1.5,1,$1.50,,,,,,,,
GuttenPlans,Pepsi Cola,Carbonated,5/13/2022,1.25,1,$1.25,,,,,,,,
GuttenPlans,Pepsi Cola,Carbonated,5/13/2022,1.25,1,$1.25,,,,,,,,
GuttenPlans,Pepsi Cola,Carbonated,5/13/2022,1.25,1,$1.25,,,,,,,,
EB Public Library,Pepsi Cola,Carbonated,5/15/2022,4,1,$4.00,,,,,,,,
EB Public Library,Pepsi Cola,Carbonated,5/15/2022,4,1,$4.00,,,,,,,,
Brunswick Sq Mall,Pepsi Cola,Carbonated,5/15/2022,1.5,1,$1.50,,,,,,,,
EB Public Library,Pepsi Cola,Carbonated,5/16/2022,4,1,$4.00,,,,,,,,
GuttenPlans,Pepsi Cola,Carbonated,5/17/2022,1.25,1,$1.25,,,,,,,,
GuttenPlans,Pepsi Cola,Carbonated,5/17/2022,1.25,1,$1.25,,,,,,,,
EB Public Library,Pepsi Cola,Carbonated,5/17/2022,4,1,$4.00,,,,,,,,
EB Public Library,Pepsi Cola,Carbonated,5/17/2022,4,1,$4.00,,,,,,,,
EB Public Library,Pepsi Cola,Carbonated,5/17/2022,4,1,$4.00,,,,,,,,
Brunswick Sq Mall,Pepsi Cola,Carbonated,5/17/2022,1.5,1,$1.50,,,,,,,,
GuttenPlans,Pepsi Cola,Carbonated,5/18/2022,1.25,1,$1.25,,,,,,,,
Brunswick Sq Mall,Pepsi Cola,Carbonated,5/18/2022,1.5,1,$1.50,,,,,,,,
GuttenPlans,Pepsi Cola,Carbonated,5/18/2022,1.25,1,$1.25,,,,,,,,
GuttenPlans,Pepsi Cola,Carbonated,5/19/2022,1.25,1,$1.25,,,,,,,,
GuttenPlans,Pepsi Cola,Carbonated,5/19/2022,1.25,1,$1.25,,,,,,,,
GuttenPlans,Pepsi Cola,Carbonated,5/19/2022,1.25,1,$1.25,,,,,,,,
GuttenPlans,Pepsi Cola,Carbonated,5/19/2022,1.25,1,$1.25,,,,,,,,
GuttenPlans,Pepsi Cola,Carbonated,5/20/2022,1.25,1,$1.25,,,,,,,,
EB Public Library,Pepsi Cola,Carbonated,5/20/2022,4,1,$4.00,,,,,,,,
GuttenPlans,Pepsi Cola,Carbonated,5/20/2022,1.25,1,$1.25,,,,,,,,
GuttenPlans,Pepsi Cola,Carbonated,5/21/2022,1.25,1,$1.25,,,,,,,,
EB Public Library,Pepsi Cola,Carbonated,5/23/2022,3.5,1,$6.25,,,,,,,,
EB Public Library,Pepsi Cola,Carbonated,5/23/2022,4,1,$4.00,,,,,,,,
EB Public Library,Pepsi Cola,Carbonated,5/23/2022,4,1,$4.00,,,,,,,,
GuttenPlans,Pepsi Cola,Carbonated,5/23/2022,1.25,1,$1.25,,,,,,,,
GuttenPlans,Pepsi Cola,Carbonated,5/24/2022,1.25,1,$1.25,,,,,,,,
EB Public Library,Pepsi Cola,Carbonated,5/24/2022,4,1,$4.00,,,,,,,,
GuttenPlans,Pepsi Cola,Carbonated,5/24/2022,1.25,1,$1.25,,,,,,,,
Brunswick Sq Mall,Pepsi Cola,Carbonated,5/24/2022,1.5,1,$1.50,,,,,,,,
EB Public Library,Pepsi Cola,Carbonated,5/26/2022,4,1,$4.00,,,,,,,,
Brunswick Sq Mall,Pepsi Cola,Carbonated,5/27/2022,1.5,1,$1.50,,,,,,,,
Brunswick Sq Mall,Pepsi Cola,Carbonated,5/27/2022,1.5,1,$1.50,,,,,,,,
EB Public Library,Pepsi Cola,Carbonated,5/27/2022,4,1,$4.00,,,,,,,,
Brunswick Sq Mall,Pepsi Cola,Carbonated,5/27/2022,1.5,1,$1.50,,,,,,,,
EB Public Library,Pepsi Cola,Carbonated,5/28/2022,4,1,$4.00,,,,,,,,
EB Public Library,Pepsi Cola,Carbonated,5/28/2022,3.5,1,$3.50,,,,,,,,
EB Public Library,Pepsi Cola,Carbonated,5/28/2022,3.5,1,$3.50,,,,,,,,
Brunswick Sq Mall,Pepsi Cola,Carbonated,5/28/2022,1.5,1,$1.50,,,,,,,,
EB Public Library,Pepsi Cola,Carbonated,5/28/2022,3.5,1,$3.50,,,,,,,,
Brunswick Sq Mall,Pepsi Cola,Carbonated,5/28/2022,1.5,1,$1.50,,,,,,,,
EB Public Library,Pepsi Cola,Carbonated,6/1/2022,3.5,1,$3.50,,,,,,,,
EB Public Library,Pepsi Cola,Carbonated,6/1/2022,3.5,1,$3.50,,,,,,,,
EB Public Library,Pepsi Cola,Carbonated,6/1/2022,4,1,$4.00,,,,,,,,
EB Public Library,Pepsi Cola,Carbonated,6/2/2022,3.5,1,$3.50,,,,,,,,
EB Public Library,Pepsi Cola,Carbonated,6/2/2022,3.5,1,$3.50,,,,,,,,
GuttenPlans,Pepsi Cola,Carbonated,6/3/2022,1.5,1,$1.50,,,,,,,,
Brunswick Sq Mall,Pepsi Cola,Carbonated,6/4/2022,3.5,1,$3.50,,,,,,,,
EB Public Library,Pepsi Cola,Carbonated,6/4/2022,3.5,1,$3.50,,,,,,,,
EB Public Library,Pepsi Cola,Carbonated,6/4/2022,3.5,1,$3.50,,,,,,,,
EB Public Library,Pepsi Cola,Carbonated,6/5/2022,3.5,1,$3.50,,,,,,,,
EB Public Library,Pepsi Cola,Carbonated,6/5/2022,4,1,$4.00,,,,,,,,
EB Public Library,Pepsi Cola,Carbonated,6/5/2022,4,1,$4.00,,,,,,,,
GuttenPlans,Pepsi Cola,Carbonated,6/6/2022,1.5,1,$1.50,,,,,,,,
EB Public Library,Pepsi Cola,Carbonated,6/7/2022,3.5,1,$3.50,,,,,,,,
EB Public Library,Pepsi Cola,Carbonated,6/7/2022,4,1,$4.00,,,,,,,,
EB Public Library,Pepsi Cola,Carbonated,6/7/2022,4,1,$4.00,,,,,,,,
EB Public Library,Pepsi Cola,Carbonated,6/7/2022,3.5,1,$3.50,,,,,,,,
EB Public Library,Pepsi Cola,Carbonated,6/7/2022,4,1,$4.00,,,,,,,,
EB Public Library,Pepsi Cola,Carbonated,6/7/2022,3.5,1,$3.50,,,,,,,,
EB Public Library,Pepsi Cola,Carbonated,6/7/2022,3.5,1,$3.50,,,,,,,,
GuttenPlans,Pepsi Cola,Carbonated,6/8/2022,1.5,1,$1.50,,,,,,,,
Brunswick Sq Mall,Pepsi Cola,Carbonated,6/9/2022,3.5,1,$3.50,,,,,,,,
GuttenPlans,Pepsi Cola,Carbonated,6/10/2022,1.5,1,$1.50,,,,,,,,
EB Public Library,Pepsi Cola,Carbonated,6/11/2022,4,1,$4.00,,,,,,,,
GuttenPlans,Pepsi Cola,Carbonated,6/11/2022,1.5,1,$1.50,,,,,,,,
EB Public Library,Pepsi Cola,Carbonated,6/12/2022,4,1,$4.00,,,,,,,,
EB Public Library,Pepsi Cola,Carbonated,6/13/2022,4,1,$4.00,,,,,,,,
EB Public Library,Pepsi Cola,Carbonated,6/13/2022,4,1,$4.00,,,,,,,,
EB Public Library,Pepsi Cola,Carbonated,6/13/2022,3,1,$3.00,,,,,,,,
GuttenPlans,Pepsi Cola,Carbonated,6/13/2022,1.5,1,$1.50,,,,,,,,
EB Public Library,Pepsi Cola,Carbonated,6/13/2022,3,1,$3.00,,,,,,,,
Brunswick Sq Mall,Pepsi Cola,Carbonated,6/13/2022,1.5,1,$1.50,,,,,,,,
GuttenPlans,Pepsi Cola,Carbonated,6/13/2022,1.5,1,$1.50,,,,,,,,
EB Public Library,Pepsi Cola,Carbonated,6/14/2022,3,1,$3.00,,,,,,,,
EB Public Library,Pepsi Cola,Carbonated,6/14/2022,4,1,$4.00,,,,,,,,
EB Public Library,Pepsi Cola,Carbonated,6/14/2022,3.5,1,$3.50,,,,,,,,
GuttenPlans,Pepsi Cola,Carbonated,6/14/2022,1.5,1,$1.50,,,,,,,,
EB Public Library,Pepsi Cola,Carbonated,6/15/2022,3.5,1,$3.50,,,,,,,,
EB Public Library,Pepsi Cola,Carbonated,6/15/2022,3.5,1,$5.50,,,,,,,,
EB Public Library,Pepsi Cola,Carbonated,6/15/2022,3.5,1,$3.50,,,,,,,,
EB Public Library,Pepsi Cola,Carbonated,6/15/2022,3.5,1,$3.50,,,,,,,,
EB Public Library,Pepsi Cola,Carbonated,6/15/2022,3,1,$3.00,,,,,,,,
GuttenPlans,Pepsi Cola,Carbonated,6/15/2022,1.5,1,$1.50,,,,,,,,
GuttenPlans,Pepsi Cola,Carbonated,6/15/2022,1.5,1,$1.50,,,,,,,,
GuttenPlans,Pepsi Cola,Carbonated,6/15/2022,1.5,1,$1.50,,,,,,,,
GuttenPlans,Pepsi Cola,Carbonated,6/15/2022,1.5,1,$1.50,,,,,,,,
GuttenPlans,Pepsi Cola,Carbonated,6/16/2022,1.5,1,$1.50,,,,,,,,
GuttenPlans,Pepsi Cola,Carbonated,6/16/2022,1.5,1,$1.50,,,,,,,,
EB Public Library,Pepsi Cola,Carbonated,6/16/2022,3,1,$3.00,,,,,,,,
EB Public Library,Pepsi Cola,Carbonated,6/16/2022,3,1,$3.00,,,,,,,,
GuttenPlans,Pepsi Cola,Carbonated,6/18/2022,1.5,1,$1.50,,,,,,,,
EB Public Library,Pepsi Cola,Carbonated,6/20/2022,4,1,$4.00,,,,,,,,
GuttenPlans,Pepsi Cola,Carbonated,6/20/2022,1.5,1,$1.50,,,,,,,,
GuttenPlans,Pepsi Cola,Carbonated,6/22/2022,1.5,1,$1.50,,,,,,,,
EB Public Library,Pepsi Cola,Carbonated,6/22/2022,4,1,$4.00,,,,,,,,
EB Public Library,Pepsi Cola,Carbonated,6/22/2022,4,1,$4.00,,,,,,,,
GuttenPlans,Pepsi Cola,Carbonated,6/22/2022,1.5,1,$1.50,,,,,,,,
GuttenPlans,Pepsi Cola,Carbonated,6/22/2022,1.5,1,$1.50,,,,,,,,
EB Public Library,Pepsi Cola,Carbonated,6/23/2022,4,1,$4.00,,,,,,,,
Brunswick Sq Mall,Pepsi Cola,Carbonated,6/24/2022,3.5,1,$3.50,,,,,,,,
GuttenPlans,Pepsi Cola,Carbonated,6/24/2022,1.5,1,$1.50,,,,,,,,
GuttenPlans,Pepsi Cola,Carbonated,6/24/2022,1.5,1,$1.50,,,,,,,,
EB Public Library,Pepsi Cola,Carbonated,6/25/2022,3,1,$3.00,,,,,,,,
EB Public Library,Pepsi Cola,Carbonated,6/25/2022,4,1,$4.00,,,,,,,,
EB Public Library,Pepsi Cola,Carbonated,6/25/2022,4,1,$4.00,,,,,,,,
EB Public Library,Pepsi Cola,Carbonated,6/25/2022,3,1,$3.00,,,,,,,,
EB Public Library,Pepsi Cola,Carbonated,6/25/2022,3,1,$3.00,,,,,,,,
Brunswick Sq Mall,Pepsi Cola,Carbonated,6/25/2022,3.5,1,$3.50,,,,,,,,
Brunswick Sq Mall,Pepsi Cola,Carbonated,6/26/2022,1.5,1,$1.50,,,,,,,,
EB Public Library,Pepsi Cola,Carbonated,6/26/2022,4,1,$5.25,,,,,,,,
EB Public Library,Pepsi Cola,Carbonated,6/26/2022,4,1,$4.00,,,,,,,,
EB Public Library,Pepsi Cola,Carbonated,6/27/2022,3,1,$3.00,,,,,,,,
Brunswick Sq Mall,Pepsi Cola,Carbonated,6/27/2022,3.5,1,$3.50,,,,,,,,
GuttenPlans,Pepsi Cola,Carbonated,6/27/2022,1.5,1,$1.50,,,,,,,,
GuttenPlans,Pepsi Cola,Carbonated,6/27/2022,1.5,1,$1.50,,,,,,,,
EB Public Library,Pepsi Cola,Carbonated,6/28/2022,3,1,$4.25,,,,,,,,
EB Public Library,Pepsi Cola,Carbonated,6/28/2022,4,1,$4.00,,,,,,,,
GuttenPlans,Pepsi Cola,Carbonated,6/28/2022,1.5,1,$1.50,,,,,,,,
EB Public Library,Pepsi Cola,Carbonated,6/29/2022,4,1,$5.50,,,,,,,,
GuttenPlans,Pepsi Cola,Carbonated,6/29/2022,1.5,1,$1.50,,,,,,,,
GuttenPlans,Pepsi Cola,Carbonated,6/29/2022,1.5,1,$1.50,,,,,,,,
GuttenPlans,Pepsi Cola,Carbonated,6/29/2022,1.5,1,$1.50,,,,,,,,
EB Public Library,Pepsi Cola,Carbonated,6/30/2022,3,1,$3.00,,,,,,,,
GuttenPlans,Pepsi Cola,Carbonated,6/30/2022,1.5,1,$1.50,,,,,,,,
GuttenPlans,Pepsi Cola,Carbonated,6/30/2022,1.5,1,$1.50,,,,,,,,
Brunswick Sq Mall,Pepsi Cola,Carbonated,7/1/2022,3.5,1,$4.75,,,,,,,,
EB Public Library,Pepsi Cola,Carbonated,7/1/2022,4,1,$4.00,,,,,,,,
Brunswick Sq Mall,Pepsi Cola,Carbonated,7/1/2022,3.5,1,$3.50,,,,,,,,
GuttenPlans,Pepsi Cola,Carbonated,7/1/2022,1.5,1,$1.50,,,,,,,,
Brunswick Sq Mall,Pepsi Cola,Carbonated,7/2/2022,3.5,1,$3.50,,,,,,,,
GuttenPlans,Pepsi Cola,Carbonated,7/2/2022,1.5,1,$1.50,,,,,,,,
GuttenPlans,Pepsi Cola,Carbonated,7/2/2022,1.5,1,$1.50,,,,,,,,
Brunswick Sq Mall,Pepsi Cola,Carbonated,7/4/2022,3.5,1,$3.50,,,,,,,,
Brunswick Sq Mall,Pepsi Cola,Carbonated,7/5/2022,3.5,1,$3.50,,,,,,,,
Brunswick Sq Mall,Pepsi Cola,Carbonated,7/5/2022,3.5,1,$3.50,,,,,,,,
Brunswick Sq Mall,Pepsi Cola,Carbonated,7/5/2022,3.5,1,$3.50,,,,,,,,
EB Public Library,Pepsi Cola,Carbonated,7/6/2022,4,1,$4.00,,,,,,,,
GuttenPlans,Pepsi Cola,Carbonated,7/6/2022,1.5,1,$1.50,,,,,,,,
GuttenPlans,Pepsi Cola,Carbonated,7/6/2022,1.5,1,$1.50,,,,,,,,
GuttenPlans,Pepsi Cola,Carbonated,7/7/2022,1.5,1,$1.50,,,,,,,,
GuttenPlans,Pepsi Cola,Carbonated,7/7/2022,1.5,1,$1.50,,,,,,,,
GuttenPlans,Pepsi Cola,Carbonated,7/7/2022,1.5,1,$1.50,,,,,,,,
EB Public Library,Pepsi Cola,Carbonated,7/8/2022,4,1,$4.00,,,,,,,,
EB Public Library,Pepsi Cola,Carbonated,7/8/2022,4,1,$4.00,,,,,,,,
EB Public Library,Pepsi Cola,Carbonated,7/11/2022,3,1,$4.50,,,,,,,,
GuttenPlans,Pepsi Cola,Carbonated,7/11/2022,1.5,1,$1.50,,,,,,,,
GuttenPlans,Pepsi Cola,Carbonated,7/11/2022,1.5,1,$1.50,,,,,,,,
GuttenPlans,Pepsi Cola,Carbonated,7/12/2022,1.5,1,$1.50,,,,,,,,
GuttenPlans,Pepsi Cola,Carbonated,7/12/2022,1.5,1,$1.50,,,,,,,,
GuttenPlans,Pepsi Cola,Carbonated,7/13/2022,1.5,1,$1.50,,,,,,,,
EB Public Library,Pepsi Cola,Carbonated,7/14/2022,3,1,$3.00,,,,,,,,
EB Public Library,Pepsi Cola,Carbonated,7/16/2022,3,1,$3.00,,,,,,,,
EB Public Library,Pepsi Cola,Carbonated,7/16/2022,3,1,$3.00,,,,,,,,
GuttenPlans,Pepsi Cola,Carbonated,7/16/2022,1.5,1,$1.50,,,,,,,,
EB Public Library,Pepsi Cola,Carbonated,7/17/2022,4,1,$4.00,,,,,,,,
EB Public Library,Pepsi Cola,Carbonated,7/18/2022,3,1,$3.00,,,,,,,,
EB Public Library,Pepsi Cola,Carbonated,7/18/2022,4,1,$4.00,,,,,,,,
GuttenPlans,Pepsi Cola,Carbonated,7/18/2022,1.5,1,$1.50,,,,,,,,
EB Public Library,Pepsi Cola,Carbonated,7/18/2022,4,1,$4.00,,,,,,,,
EB Public Library,Pepsi Cola,Carbonated,7/18/2022,4,1,$4.00,,,,,,,,
EB Public Library,Pepsi Cola,Carbonated,7/18/2022,4,1,$4.00,,,,,,,,
GuttenPlans,Pepsi Cola,Carbonated,7/18/2022,1.5,1,$1.50,,,,,,,,
GuttenPlans,Pepsi Cola,Carbonated,7/18/2022,1.5,1,$1.50,,,,,,,,
GuttenPlans,Pepsi Cola,Carbonated,7/18/2022,1.5,1,$1.50,,,,,,,,
GuttenPlans,Pepsi Cola,Carbonated,7/18/2022,1.5,1,$1.50,,,,,,,,
GuttenPlans,Pepsi Cola,Carbonated,7/19/2022,1.5,1,$1.50,,,,,,,,
GuttenPlans,Pepsi Cola,Carbonated,7/19/2022,1.5,1,$1.50,,,,,,,,
GuttenPlans,Pepsi Cola,Carbonated,7/19/2022,1.5,1,$1.50,,,,,,,,
GuttenPlans,Pepsi Cola,Carbonated,7/19/2022,1.5,1,$1.50,,,,,,,,
GuttenPlans,Pepsi Cola,Carbonated,7/19/2022,1.5,1,$1.50,,,,,,,,
GuttenPlans,Pepsi Cola,Carbonated,7/19/2022,1.5,1,$1.50,,,,,,,,
EB Public Library,Pepsi Cola,Carbonated,7/19/2022,4,1,$4.00,,,,,,,,
Earle Asphalt,Pepsi Cola,Carbonated,7/20/2022,2.5,1,$2.50,,,,,,,,
EB Public Library,Pepsi Cola,Carbonated,7/21/2022,3,1,$3.00,,,,,,,,
Brunswick Sq Mall,Pepsi Cola,Carbonated,7/22/2022,1.5,1,$1.50,,,,,,,,
EB Public Library,Pepsi Cola,Carbonated,7/22/2022,3,1,$3.00,,,,,,,,
Brunswick Sq Mall,Pepsi Cola,Carbonated,7/23/2022,3.5,1,$3.50,,,,,,,,
EB Public Library,Pepsi Cola,Carbonated,7/24/2022,4,1,$4.00,,,,,,,,
GuttenPlans,Pepsi Cola,Carbonated,7/25/2022,1.5,1,$1.50,,,,,,,,
GuttenPlans,Pepsi Cola,Carbonated,7/25/2022,1.5,1,$1.50,,,,,,,,
GuttenPlans,Pepsi Cola,Carbonated,7/26/2022,1.5,1,$1.50,,,,,,,,
GuttenPlans,Pepsi Cola,Carbonated,7/28/2022,1.5,1,$3.00,,,,,,,,
EB Public Library,Pepsi Cola,Carbonated,7/28/2022,3,1,$5.50,,,,,,,,
EB Public Library,Pepsi Cola,Carbonated,7/28/2022,4,1,$4.00,,,,,,,,
EB Public Library,Pepsi Cola,Carbonated,7/28/2022,3,1,$3.00,,,,,,,,
EB Public Library,Pepsi Cola,Carbonated,7/28/2022,4,1,$4.00,,,,,,,,
GuttenPlans,Pepsi Cola,Carbonated,7/28/2022,1.5,1,$1.50,,,,,,,,
GuttenPlans,Pepsi Cola,Carbonated,7/29/2022,1.5,1,$1.50,,,,,,,,
GuttenPlans,Pepsi Cola,Carbonated,7/29/2022,1.5,1,$1.50,,,,,,,,
GuttenPlans,Pepsi Cola,Carbonated,7/29/2022,1.5,1,$1.50,,,,,,,,
GuttenPlans,Pepsi Cola,Carbonated,7/29/2022,1.5,1,$1.50,,,,,,,,
GuttenPlans,Pepsi Cola,Carbonated,7/29/2022,1.5,1,$1.50,,,,,,,,
EB Public Library,Pepsi Cola,Carbonated,8/1/2022,1.5,1,$1.50,,,,,,,,
EB Public Library,Pepsi Cola,Carbonated,8/1/2022,1.5,1,$1.50,,,,,,,,
EB Public Library,Pepsi Cola,Carbonated,8/1/2022,3,1,$3.00,,,,,,,,
EB Public Library,Pepsi Cola,Carbonated,8/1/2022,3,1,$3.00,,,,,,,,
EB Public Library,Pepsi Cola,Carbonated,8/2/2022,3,1,$3.00,,,,,,,,
EB Public Library,Pepsi Cola,Carbonated,8/2/2022,3,1,$3.00,,,,,,,,
GuttenPlans,Pepsi Cola,Carbonated,8/2/2022,1.5,1,$1.50,,,,,,,,
EB Public Library,Pepsi Cola,Carbonated,8/3/2022,3,1,$4.50,,,,,,,,
GuttenPlans,Pepsi Cola,Carbonated,8/3/2022,1.5,1,$1.50,,,,,,,,
GuttenPlans,Pepsi Cola,Carbonated,8/4/2022,1.5,1,$1.50,,,,,,,,
EB Public Library,Pepsi Cola,Carbonated,8/4/2022,3,1,$3.00,,,,,,,,
GuttenPlans,Pepsi Cola,Carbonated,8/4/2022,1.5,1,$1.50,,,,,,,,
Brunswick Sq Mall,Pepsi Cola,Carbonated,8/5/2022,1.5,1,$1.50,,,,,,,,
GuttenPlans,Pepsi Cola,Carbonated,8/5/2022,1.5,1,$1.50,,,,,,,,
GuttenPlans,Pepsi Cola,Carbonated,8/5/2022,1.5,1,$1.50,,,,,,,,
GuttenPlans,Pepsi Cola,Carbonated,8/6/2022,1.5,1,$1.50,,,,,,,,
EB Public Library,Pepsi Cola,Carbonated,8/6/2022,3,1,$3.00,,,,,,,,
Brunswick Sq Mall,Pepsi Cola,Carbonated,8/6/2022,1.5,1,$1.50,,,,,,,,
EB Public Library,Pepsi Cola,Carbonated,8/8/2022,3,1,$3.00,,,,,,,,
GuttenPlans,Pepsi Cola,Carbonated,8/10/2022,1.5,1,$1.50,,,,,,,,
GuttenPlans,Pepsi Cola,Carbonated,8/10/2022,1.5,1,$1.50,,,,,,,,
GuttenPlans,Pepsi Cola,Carbonated,8/10/2022,1.5,1,$1.50,,,,,,,,
GuttenPlans,Pepsi Cola,Carbonated,8/11/2022,1.5,1,$1.50,,,,,,,,
GuttenPlans,Pepsi Cola,Carbonated,8/11/2022,1.5,1,$1.50,,,,,,,,
GuttenPlans,Pepsi Cola,Carbonated,8/11/2022,1.5,1,$1.50,,,,,,,,
GuttenPlans,Pepsi Cola,Carbonated,8/11/2022,1.5,1,$1.50,,,,,,,,
GuttenPlans,Pepsi Cola,Carbonated,8/11/2022,1.5,1,$1.50,,,,,,,,
EB Public Library,Pepsi Cola,Carbonated,8/12/2022,4,1,$4.00,,,,,,,,
EB Public Library,Pepsi Cola,Carbonated,8/13/2022,4,1,$4.00,,,,,,,,
EB Public Library,Pepsi Cola,Carbonated,8/13/2022,3,1,$3.00,,,,,,,,
EB Public Library,Pepsi Cola,Carbonated,8/13/2022,3,1,$3.00,,,,,,,,
EB Public Library,Pepsi Cola,Carbonated,8/15/2022,3,1,$3.00,,,,,,,,
EB Public Library,Pepsi Cola,Carbonated,8/16/2022,3,1,$3.00,,,,,,,,
EB Public Library,Pepsi Cola,Carbonated,8/16/2022,3,1,$4.50,,,,,,,,
Brunswick Sq Mall,Pepsi Cola,Carbonated,8/17/2022,3.5,1,$5.00,,,,,,,,
EB Public Library,Pepsi Cola,Carbonated,8/17/2022,4,1,$4.00,,,,,,,,
GuttenPlans,Pepsi Cola,Carbonated,8/18/2022,1.5,1,$1.50,,,,,,,,
GuttenPlans,Pepsi Cola,Carbonated,8/18/2022,1.5,1,$1.50,,,,,,,,
GuttenPlans,Pepsi Cola,Carbonated,8/18/2022,1.5,1,$1.50,,,,,,,,
GuttenPlans,Pepsi Cola,Carbonated,8/18/2022,1.5,1,$1.50,,,,,,,,
EB Public Library,Pepsi Cola,Carbonated,8/18/2022,3,1,$3.00,,,,,,,,
GuttenPlans,Pepsi Cola,Carbonated,8/18/2022,1.5,1,$1.50,,,,,,,,
GuttenPlans,Pepsi Cola,Carbonated,8/18/2022,1.5,1,$1.50,,,,,,,,
EB Public Library,Pepsi Cola,Carbonated,8/19/2022,3,1,$3.00,,,,,,,,
EB Public Library,Pepsi Cola,Carbonated,8/19/2022,3,1,$3.00,,,,,,,,
EB Public Library,Pepsi Cola,Carbonated,8/19/2022,3,1,$3.00,,,,,,,,
EB Public Library,Pepsi Cola,Carbonated,8/19/2022,4,1,$7.00,,,,,,,,
EB Public Library,Pepsi Cola,Carbonated,8/19/2022,3,1,$3.00,,,,,,,,
GuttenPlans,Pepsi Cola,Carbonated,8/19/2022,1.5,1,$1.50,,,,,,,,
GuttenPlans,Pepsi Cola,Carbonated,8/19/2022,1.5,1,$4.50,,,,,,,,
GuttenPlans,Pepsi Cola,Carbonated,8/19/2022,1.5,1,$1.50,,,,,,,,
EB Public Library,Pepsi Cola,Carbonated,8/20/2022,4,1,$4.00,,,,,,,,
Brunswick Sq Mall,Pepsi Cola,Carbonated,8/20/2022,1.5,1,$1.50,,,,,,,,
EB Public Library,Pepsi Cola,Carbonated,8/22/2022,4,1,$4.00,,,,,,,,
EB Public Library,Pepsi Cola,Carbonated,8/22/2022,3,1,$3.00,,,,,,,,
EB Public Library,Pepsi Cola,Carbonated,8/22/2022,3,1,$3.00,,,,,,,,
Brunswick Sq Mall,Pepsi Cola,Carbonated,8/22/2022,1.5,1,$1.50,,,,,,,,
GuttenPlans,Pepsi Cola,Carbonated,8/22/2022,1.5,1,$1.50,,,,,,,,
GuttenPlans,Pepsi Cola,Carbonated,8/22/2022,1.5,1,$1.50,,,,,,,,
GuttenPlans,Pepsi Cola,Carbonated,8/23/2022,1.5,1,$1.50,,,,,,,,
GuttenPlans,Pepsi Cola,Carbonated,8/24/2022,1.5,1,$1.50,,,,,,,,
GuttenPlans,Pepsi Cola,Carbonated,8/24/2022,1.5,1,$1.50,,,,,,,,
GuttenPlans,Pepsi Cola,Carbonated,8/24/2022,1.5,1,$1.50,,,,,,,,
Earle Asphalt,Pepsi Cola,Carbonated,8/24/2022,2.5,1,$2.50,,,,,,,,
GuttenPlans,Pepsi Cola,Carbonated,8/24/2022,1.5,1,$1.50,,,,,,,,
GuttenPlans,Pepsi Cola,Carbonated,8/24/2022,1.5,1,$1.50,,,,,,,,
GuttenPlans,Pepsi Cola,Carbonated,8/24/2022,1.5,1,$1.50,,,,,,,,
EB Public Library,Pepsi Cola,Carbonated,8/24/2022,3,1,$3.00,,,,,,,,
EB Public Library,Pepsi Cola,Carbonated,8/24/2022,1.5,1,$1.50,,,,,,,,
GuttenPlans,Pepsi Cola,Carbonated,8/24/2022,1.5,1,$1.50,,,,,,,,
EB Public Library,Pepsi Cola,Carbonated,8/24/2022,3,1,$3.00,,,,,,,,
Earle Asphalt,Pepsi Cola,Carbonated,8/25/2022,2.5,1,$2.50,,,,,,,,
EB Public Library,Pepsi Cola,Carbonated,8/25/2022,1.5,1,$1.50,,,,,,,,
EB Public Library,Pepsi Cola,Carbonated,8/25/2022,3,1,$3.00,,,,,,,,
GuttenPlans,Pepsi Cola,Carbonated,8/25/2022,1.5,1,$1.50,,,,,,,,
GuttenPlans,Pepsi Cola,Carbonated,8/26/2022,1.5,1,$1.50,,,,,,,,
EB Public Library,Pepsi Cola,Carbonated,8/27/2022,1.5,1,$1.50,,,,,,,,
EB Public Library,Pepsi Cola,Carbonated,8/27/2022,4,1,$4.00,,,,,,,,
Brunswick Sq Mall,Pepsi Cola,Carbonated,8/28/2022,1.5,1,$1.50,,,,,,,,
EB Public Library,Pepsi Cola,Carbonated,8/29/2022,4,1,$4.00,,,,,,,,
EB Public Library,Pepsi Cola,Carbonated,8/29/2022,1.5,1,$1.50,,,,,,,,
EB Public Library,Pepsi Cola,Carbonated,8/29/2022,3,1,$3.00,,,,,,,,
EB Public Library,Pepsi Cola,Carbonated,8/29/2022,3,1,$3.00,,,,,,,,
EB Public Library,Pepsi Cola,Carbonated,8/29/2022,3,1,$3.00,,,,,,,,
EB Public Library,Pepsi Cola,Carbonated,8/29/2022,3,1,$3.00,,,,,,,,
EB Public Library,Pepsi Cola,Carbonated,8/30/2022,4,1,$4.00,,,,,,,,
Earle Asphalt,Pepsi Cola,Carbonated,8/31/2022,2.5,1,$4.50,,,,,,,,
Brunswick Sq Mall,Pepsi Cola,Carbonated,8/31/2022,1.5,1,$1.50,,,,,,,,
EB Public Library,Pepsi Cola,Carbonated,8/31/2022,4,1,$4.00,,,,,,,,
EB Public Library,Pepsi Cola,Carbonated,9/1/2022,1.5,1,$3.50,,,,,,,,
Earle Asphalt,Pepsi Cola,Carbonated,9/1/2022,2.5,1,$2.50,,,,,,,,
EB Public Library,Pepsi Cola,Carbonated,9/2/2022,1.5,1,$1.50,,,,,,,,
EB Public Library,Pepsi Cola,Carbonated,9/7/2022,3,1,$3.00,,,,,,,,
EB Public Library,Pepsi Cola,Carbonated,9/7/2022,4,1,$4.00,,,,,,,,
GuttenPlans,Pepsi Cola,Carbonated,9/7/2022,1.5,1,$1.50,,,,,,,,
GuttenPlans,Pepsi Cola,Carbonated,9/7/2022,1.5,1,$1.50,,,,,,,,
Brunswick Sq Mall,Pepsi Cola,Carbonated,9/8/2022,3.5,1,$3.50,,,,,,,,
GuttenPlans,Pepsi Cola,Carbonated,9/8/2022,1.5,1,$1.50,,,,,,,,
EB Public Library,Pepsi Cola,Carbonated,9/8/2022,3,1,$7.00,,,,,,,,
EB Public Library,Pepsi Cola,Carbonated,9/8/2022,4,1,$4.00,,,,,,,,
GuttenPlans,Pepsi Cola,Carbonated,9/8/2022,1.5,1,$1.50,,,,,,,,
GuttenPlans,Pepsi Cola,Carbonated,9/9/2022,1.5,1,$1.50,,,,,,,,
EB Public Library,Pepsi Cola,Carbonated,9/9/2022,1.5,1,$1.50,,,,,,,,
EB Public Library,Pepsi Cola,Carbonated,9/9/2022,4,1,$4.00,,,,,,,,
GuttenPlans,Pepsi Cola,Carbonated,9/9/2022,1.5,1,$1.50,,,,,,,,
GuttenPlans,Pepsi Cola,Carbonated,9/10/2022,1.5,1,$1.50,,,,,,,,
EB Public Library,Pepsi Cola,Carbonated,9/10/2022,3,1,$3.00,,,,,,,,
EB Public Library,Pepsi Cola,Carbonated,9/10/2022,3,1,$3.00,,,,,,,,
Brunswick Sq Mall,Pepsi Cola,Carbonated,9/10/2022,3,1,$3.00,,,,,,,,
Brunswick Sq Mall,Pepsi Cola,Carbonated,9/10/2022,3,1,$3.00,,,,,,,,
GuttenPlans,Pepsi Cola,Carbonated,9/12/2022,1.5,1,$1.50,,,,,,,,
EB Public Library,Pepsi Cola,Carbonated,9/13/2022,4,1,$4.00,,,,,,,,
GuttenPlans,Pepsi Cola,Carbonated,9/13/2022,1.5,1,$1.50,,,,,,,,
GuttenPlans,Pepsi Cola,Carbonated,9/13/2022,1.5,1,$1.50,,,,,,,,
EB Public Library,Pepsi Cola,Carbonated,9/14/2022,1.5,1,$1.50,,,,,,,,
EB Public Library,Pepsi Cola,Carbonated,9/14/2022,1.5,1,$1.50,,,,,,,,
EB Public Library,Pepsi Cola,Carbonated,9/14/2022,1.5,1,$1.50,,,,,,,,
EB Public Library,Pepsi Cola,Carbonated,9/15/2022,4,1,$4.00,,,,,,,,
Brunswick Sq Mall,Pepsi Cola,Carbonated,9/16/2022,3,1,$3.00,,,,,,,,
EB Public Library,Pepsi Cola,Carbonated,9/16/2022,1.5,1,$3.50,,,,,,,,
EB Public Library,Pepsi Cola,Carbonated,9/16/2022,1.5,1,$1.50,,,,,,,,
EB Public Library,Pepsi Cola,Carbonated,9/16/2022,1.5,1,$1.50,,,,,,,,
EB Public Library,Pepsi Cola,Carbonated,9/16/2022,1.5,1,$1.50,,,,,,,,
EB Public Library,Pepsi Cola,Carbonated,9/17/2022,4,1,$4.00,,,,,,,,
GuttenPlans,Pepsi Cola,Carbonated,9/19/2022,1.5,1,$1.50,,,,,,,,
EB Public Library,Pepsi Cola,Carbonated,9/22/2022,4,1,$6.50,,,,,,,,
EB Public Library,Pepsi Cola,Carbonated,9/22/2022,3,1,$3.00,,,,,,,,
EB Public Library,Pepsi Cola,Carbonated,9/22/2022,1.5,1,$1.50,,,,,,,,
EB Public Library,Pepsi Cola,Carbonated,9/22/2022,1.5,1,$1.50,,,,,,,,
EB Public Library,Pepsi Cola,Carbonated,9/23/2022,1.5,1,$1.50,,,,,,,,
EB Public Library,Pepsi Cola,Carbonated,9/23/2022,1.5,1,$1.50,,,,,,,,
EB Public Library,Pepsi Cola,Carbonated,9/24/2022,3,1,$3.00,,,,,,,,
EB Public Library,Pepsi Cola,Carbonated,9/24/2022,3,1,$3.00,,,,,,,,
EB Public Library,Pepsi Cola,Carbonated,9/24/2022,3,1,$3.00,,,,,,,,
EB Public Library,Pepsi Cola,Carbonated,9/26/2022,3,1,$3.00,,,,,,,,
EB Public Library,Pepsi Cola,Carbonated,9/27/2022,3,1,$8.50,,,,,,,,
EB Public Library,Pepsi Cola,Carbonated,9/28/2022,1.5,1,$3.50,,,,,,,,
Earle Asphalt,Pepsi Cola,Carbonated,9/28/2022,2.5,1,$2.50,,,,,,,,
GuttenPlans,Pepsi Cola,Carbonated,9/29/2022,1.5,1,$1.50,,,,,,,,
EB Public Library,Pepsi Cola,Carbonated,9/29/2022,3,1,$3.00,,,,,,,,
GuttenPlans,Pepsi Cola,Carbonated,9/29/2022,1.5,1,$1.50,,,,,,,,
GuttenPlans,Pepsi Cola,Carbonated,9/30/2022,1.5,1,$1.50,,,,,,,,
GuttenPlans,Pepsi Cola,Carbonated,9/30/2022,1.5,1,$1.50,,,,,,,,
GuttenPlans,Pepsi Cola,Carbonated,9/30/2022,1.5,1,$1.50,,,,,,,,
GuttenPlans,Pepsi Cola,Carbonated,9/30/2022,1.5,1,$1.50,,,,,,,,
GuttenPlans,Pepsi Cola,Carbonated,9/30/2022,1.5,1,$1.50,,,,,,,,
EB Public Library,Pepsi Cola,Carbonated,10/1/2022,4,1,$4.00,,,,,,,,
EB Public Library,Pepsi Cola,Carbonated,10/3/2022,1.5,1,$3.50,,,,,,,,
EB Public Library,Pepsi Cola,Carbonated,10/3/2022,1.5,1,$1.50,,,,,,,,
Brunswick Sq Mall,Pepsi Cola,Carbonated,10/3/2022,1.5,1,$1.50,,,,,,,,
EB Public Library,Pepsi Cola,Carbonated,10/4/2022,1.5,1,$3.50,,,,,,,,
EB Public Library,Pepsi Cola,Carbonated,10/4/2022,3,1,$3.00,,,,,,,,
EB Public Library,Pepsi Cola,Carbonated,10/4/2022,3,1,$3.00,,,,,,,,
EB Public Library,Pepsi Cola,Carbonated,10/5/2022,1.5,1,$1.50,,,,,,,,
EB Public Library,Pepsi Cola,Carbonated,10/5/2022,3,1,$3.00,,,,,,,,
EB Public Library,Pepsi Cola,Carbonated,10/5/2022,3,1,$3.00,,,,,,,,
GuttenPlans,Pepsi Cola,Carbonated,10/5/2022,1.5,1,$1.50,,,,,,,,
GuttenPlans,Pepsi Cola,Carbonated,10/6/2022,1.5,1,$1.50,,,,,,,,
GuttenPlans,Pepsi Cola,Carbonated,10/6/2022,1.5,1,$6.00,,,,,,,,
EB Public Library,Pepsi Cola,Carbonated,10/6/2022,1.5,1,$1.50,,,,,,,,
EB Public Library,Pepsi Cola,Carbonated,10/7/2022,3,1,$3.00,,,,,,,,
Brunswick Sq Mall,Pepsi Cola,Carbonated,10/7/2022,3.5,1,$3.50,,,,,,,,
EB Public Library,Pepsi Cola,Carbonated,10/8/2022,4,1,$4.00,,,,,,,,
EB Public Library,Pepsi Cola,Carbonated,10/8/2022,1.5,1,$1.50,,,,,,,,
Brunswick Sq Mall,Pepsi Cola,Carbonated,10/10/2022,1.5,1,$1.50,,,,,,,,
Brunswick Sq Mall,Pepsi Cola,Carbonated,10/11/2022,3,1,$3.00,,,,,,,,
EB Public Library,Pepsi Cola,Carbonated,10/12/2022,3,1,$3.00,,,,,,,,
EB Public Library,Pepsi Cola,Carbonated,10/12/2022,4,1,$4.00,,,,,,,,
EB Public Library,Pepsi Cola,Carbonated,10/12/2022,4,1,$4.00,,,,,,,,
EB Public Library,Pepsi Cola,Carbonated,10/13/2022,3,1,$3.00,,,,,,,,
EB Public Library,Pepsi Cola,Carbonated,10/14/2022,3,1,$3.00,,,,,,,,
EB Public Library,Pepsi Cola,Carbonated,10/14/2022,4,1,$4.00,,,,,,,,
EB Public Library,Pepsi Cola,Carbonated,10/14/2022,1.5,1,$2.75,,,,,,,,
EB Public Library,Pepsi Cola,Carbonated,10/15/2022,3,1,$3.00,,,,,,,,
EB Public Library,Pepsi Cola,Carbonated,10/16/2022,3,1,$3.00,,,,,,,,
EB Public Library,Pepsi Cola,Carbonated,10/19/2022,4,1,$4.00,,,,,,,,
GuttenPlans,Pepsi Cola,Carbonated,10/19/2022,1.5,1,$1.50,,,,,,,,
EB Public Library,Pepsi Cola,Carbonated,10/20/2022,3,1,$7.25,,,,,,,,
GuttenPlans,Pepsi Cola,Carbonated,10/20/2022,1.5,1,$1.50,,,,,,,,
GuttenPlans,Pepsi Cola,Carbonated,10/21/2022,1.5,1,$1.50,,,,,,,,
GuttenPlans,Pepsi Cola,Carbonated,10/21/2022,1.5,1,$1.50,,,,,,,,
EB Public Library,Pepsi Cola,Carbonated,10/24/2022,3,1,$3.00,,,,,,,,
EB Public Library,Pepsi Cola,Carbonated,10/24/2022,3,1,$3.00,,,,,,,,
GuttenPlans,Pepsi Cola,Carbonated,10/25/2022,1.5,1,$1.50,,,,,,,,
EB Public Library,Pepsi Cola,Carbonated,10/25/2022,3,1,$3.00,,,,,,,,
EB Public Library,Pepsi Cola,Carbonated,10/25/2022,3,1,$3.00,,,,,,,,
GuttenPlans,Pepsi Cola,Carbonated,10/26/2022,1.5,1,$1.50,,,,,,,,
EB Public Library,Pepsi Cola,Carbonated,10/26/2022,4,1,$4.00,,,,,,,,
GuttenPlans,Pepsi Cola,Carbonated,10/26/2022,1.5,1,$1.50,,,,,,,,
Earle Asphalt,Pepsi Cola,Carbonated,10/27/2022,2.5,1,$2.50,,,,,,,,
GuttenPlans,Pepsi Cola,Carbonated,10/27/2022,1.5,1,$1.50,,,,,,,,
GuttenPlans,Pepsi Cola,Carbonated,10/27/2022,1.5,1,$1.50,,,,,,,,
GuttenPlans,Pepsi Cola,Carbonated,10/28/2022,1.5,1,$1.50,,,,,,,,
EB Public Library,Pepsi Cola,Carbonated,10/28/2022,1.5,1,$1.50,,,,,,,,
EB Public Library,Pepsi Cola,Carbonated,10/28/2022,3,1,$3.00,,,,,,,,
EB Public Library,Pepsi Cola,Carbonated,10/29/2022,3,1,$3.00,,,,,,,,
EB Public Library,Pepsi Cola,Carbonated,10/30/2022,3,1,$3.00,,,,,,,,
GuttenPlans,Pepsi Cola,Carbonated,10/31/2022,1.5,1,$1.50,,,,,,,,
GuttenPlans,Pepsi Cola,Carbonated,10/31/2022,1.5,1,$1.50,,,,,,,,
GuttenPlans,Pepsi Cola,Carbonated,11/1/2022,1.5,1,$1.50,,,,,,,,
GuttenPlans,Pepsi Cola,Carbonated,11/1/2022,1.5,1,$1.50,,,,,,,,
GuttenPlans,Pepsi Cola,Carbonated,11/2/2022,1.5,1,$1.50,,,,,,,,
GuttenPlans,Pepsi Cola,Carbonated,11/3/2022,1.5,1,$1.50,,,,,,,,
GuttenPlans,Pepsi Cola,Carbonated,11/3/2022,1.5,1,$1.50,,,,,,,,
GuttenPlans,Pepsi Cola,Carbonated,11/3/2022,1.5,1,$1.50,,,,,,,,
GuttenPlans,Pepsi Cola,Carbonated,11/4/2022,1.5,1,$1.50,,,,,,,,
Brunswick Sq Mall,Pepsi Cola,Carbonated,11/4/2022,4,1,$4.00,,,,,,,,
GuttenPlans,Pepsi Cola,Carbonated,11/4/2022,1.5,1,$1.50,,,,,,,,
EB Public Library,Pepsi Cola,Carbonated,11/6/2022,3,1,$3.00,,,,,,,,
GuttenPlans,Pepsi Cola,Carbonated,11/7/2022,1.5,1,$1.50,,,,,,,,
EB Public Library,Pepsi Cola,Carbonated,11/7/2022,3,1,$3.00,,,,,,,,
EB Public Library,Pepsi Cola,Carbonated,11/7/2022,1.5,1,$1.50,,,,,,,,
GuttenPlans,Pepsi Cola,Carbonated,11/7/2022,1.5,1,$1.50,,,,,,,,
GuttenPlans,Pepsi Cola,Carbonated,11/7/2022,1.5,1,$1.50,,,,,,,,
GuttenPlans,Pepsi Cola,Carbonated,11/7/2022,1.5,1,$1.50,,,,,,,,
GuttenPlans,Pepsi Cola,Carbonated,11/7/2022,1.5,1,$1.50,,,,,,,,
GuttenPlans,Pepsi Cola,Carbonated,11/8/2022,1.5,1,$1.50,,,,,,,,
EB Public Library,Pepsi Cola,Carbonated,11/8/2022,4,1,$4.00,,,,,,,,
EB Public Library,Pepsi Cola,Carbonated,11/8/2022,4,1,$4.00,,,,,,,,
GuttenPlans,Pepsi Cola,Carbonated,11/8/2022,1.5,1,$1.50,,,,,,,,
GuttenPlans,Pepsi Cola,Carbonated,11/8/2022,1.5,1,$1.50,,,,,,,,
GuttenPlans,Pepsi Cola,Carbonated,11/8/2022,1.5,1,$1.50,,,,,,,,
EB Public Library,Pepsi Cola,Carbonated,11/9/2022,4,1,$4.00,,,,,,,,
EB Public Library,Pepsi Cola,Carbonated,11/9/2022,4,1,$4.00,,,,,,,,
EB Public Library,Pepsi Cola,Carbonated,11/9/2022,3,1,$3.00,,,,,,,,
EB Public Library,Pepsi Cola,Carbonated,11/12/2022,3,1,$3.00,,,,,,,,
EB Public Library,Pepsi Cola,Carbonated,11/13/2022,4,1,$4.00,,,,,,,,
EB Public Library,Pepsi Cola,Carbonated,11/15/2022,3,1,$3.00,,,,,,,,
EB Public Library,Pepsi Cola,Carbonated,11/15/2022,3,1,$3.00,,,,,,,,
EB Public Library,Pepsi Cola,Carbonated,11/15/2022,3,1,$5.00,,,,,,,,
EB Public Library,Pepsi Cola,Carbonated,11/15/2022,1.5,1,$3.50,,,,,,,,
EB Public Library,Pepsi Cola,Carbonated,11/16/2022,1.5,1,$3.50,,,,,,,,
EB Public Library,Pepsi Cola,Carbonated,11/16/2022,3,1,$3.00,,,,,,,,
Earle Asphalt,Pepsi Cola,Carbonated,11/16/2022,2.5,1,$2.50,,,,,,,,
EB Public Library,Pepsi Cola,Carbonated,11/17/2022,4,1,$4.00,,,,,,,,
GuttenPlans,Pepsi Cola,Carbonated,11/17/2022,1.5,1,$1.50,,,,,,,,
EB Public Library,Pepsi Cola,Carbonated,11/17/2022,1.5,1,$3.50,,,,,,,,
EB Public Library,Pepsi Cola,Carbonated,11/18/2022,1.5,1,$3.50,,,,,,,,
EB Public Library,Pepsi Cola,Carbonated,11/18/2022,1.5,1,$3.00,,,,,,,,
GuttenPlans,Pepsi Cola,Carbonated,11/18/2022,1.5,1,$1.50,,,,,,,,
EB Public Library,Pepsi Cola,Carbonated,11/19/2022,1.5,1,$1.50,,,,,,,,
Brunswick Sq Mall,Pepsi Cola,Carbonated,11/19/2022,4,1,$5.50,,,,,,,,
EB Public Library,Pepsi Cola,Carbonated,11/20/2022,4,1,$4.00,,,,,,,,
EB Public Library,Pepsi Cola,Carbonated,11/20/2022,1.5,1,$1.50,,,,,,,,
GuttenPlans,Pepsi Cola,Carbonated,11/21/2022,1.5,1,$1.50,,,,,,,,
EB Public Library,Pepsi Cola,Carbonated,11/21/2022,1.5,1,$1.50,,,,,,,,
EB Public Library,Pepsi Cola,Carbonated,11/22/2022,3,1,$3.00,,,,,,,,
GuttenPlans,Pepsi Cola,Carbonated,11/23/2022,1.5,1,$1.50,,,,,,,,
GuttenPlans,Pepsi Cola,Carbonated,11/23/2022,1.5,1,$1.50,,,,,,,,
EB Public Library,Pepsi Cola,Carbonated,11/23/2022,3,1,$3.00,,,,,,,,
EB Public Library,Pepsi Cola,Carbonated,11/23/2022,4,1,$4.00,,,,,,,,
EB Public Library,Pepsi Cola,Carbonated,11/23/2022,3,1,$3.00,,,,,,,,
GuttenPlans,Pepsi Cola,Carbonated,11/23/2022,1.5,1,$1.50,,,,,,,,
Brunswick Sq Mall,Pepsi Cola,Carbonated,11/23/2022,4,1,$4.00,,,,,,,,
GuttenPlans,Pepsi Cola,Carbonated,11/28/2022,1.5,1,$1.50,,,,,,,,
GuttenPlans,Pepsi Cola,Carbonated,11/28/2022,1.5,1,$1.50,,,,,,,,
Earle Asphalt,Pepsi Cola,Carbonated,11/28/2022,2.5,1,$2.50,,,,,,,,
GuttenPlans,Pepsi Cola,Carbonated,11/28/2022,1.5,1,$1.50,,,,,,,,
GuttenPlans,Pepsi Cola,Carbonated,11/28/2022,1.5,1,$1.50,,,,,,,,
GuttenPlans,Pepsi Cola,Carbonated,11/29/2022,1.5,1,$1.50,,,,,,,,
GuttenPlans,Pepsi Cola,Carbonated,11/29/2022,1.5,1,$1.50,,,,,,,,
EB Public Library,Pepsi Cola,Carbonated,11/29/2022,4,1,$4.00,,,,,,,,
GuttenPlans,Pepsi Cola,Carbonated,11/29/2022,1.5,1,$1.50,,,,,,,,
GuttenPlans,Pepsi Cola,Carbonated,11/30/2022,1.5,1,$1.50,,,,,,,,
GuttenPlans,Pepsi Cola,Carbonated,11/30/2022,1.5,1,$1.50,,,,,,,,
GuttenPlans,Pepsi Cola,Carbonated,11/30/2022,1.5,1,$1.50,,,,,,,,
GuttenPlans,Pepsi Cola,Carbonated,11/30/2022,1.5,1,$1.50,,,,,,,,
EB Public Library,Pepsi Cola,Carbonated,11/30/2022,3,1,$3.00,,,,,,,,
GuttenPlans,Pepsi Cola,Carbonated,12/1/2022,1.5,1,$1.50,,,,,,,,
EB Public Library,Pepsi Cola,Carbonated,12/1/2022,4,1,$4.00,,,,,,,,
GuttenPlans,Pepsi Cola,Carbonated,12/1/2022,1.5,1,$1.50,,,,,,,,
EB Public Library,Pepsi Cola,Carbonated,12/1/2022,3,1,$3.00,,,,,,,,
EB Public Library,Pepsi Cola,Carbonated,12/1/2022,3,1,$3.00,,,,,,,,
GuttenPlans,Pepsi Cola,Carbonated,12/1/2022,1.5,1,$1.50,,,,,,,,
GuttenPlans,Pepsi Cola,Carbonated,12/1/2022,1.5,1,$1.50,,,,,,,,
GuttenPlans,Pepsi Cola,Carbonated,12/1/2022,1.5,1,$1.50,,,,,,,,
Earle Asphalt,Pepsi Cola,Carbonated,12/2/2022,2.5,1,$2.50,,,,,,,,
Brunswick Sq Mall,Pepsi Cola,Carbonated,12/3/2022,4,1,$4.00,,,,,,,,
GuttenPlans,Pepsi Cola,Carbonated,12/5/2022,1.5,1,$1.50,,,,,,,,
EB Public Library,Pepsi Cola,Carbonated,12/5/2022,1.5,1,$3.50,,,,,,,,
GuttenPlans,Pepsi Cola,Carbonated,12/5/2022,1.5,1,$1.50,,,,,,,,
GuttenPlans,Pepsi Cola,Carbonated,12/5/2022,1.5,1,$1.50,,,,,,,,
GuttenPlans,Pepsi Cola,Carbonated,12/5/2022,1.5,1,$1.50,,,,,,,,
GuttenPlans,Pepsi Cola,Carbonated,12/5/2022,1.5,1,$1.50,,,,,,,,
GuttenPlans,Pepsi Cola,Carbonated,12/6/2022,1.5,1,$1.50,,,,,,,,
EB Public Library,Pepsi Cola,Carbonated,12/6/2022,3,1,$3.00,,,,,,,,
EB Public Library,Pepsi Cola,Carbonated,12/6/2022,1.5,1,$1.50,,,,,,,,
GuttenPlans,Pepsi Cola,Carbonated,12/6/2022,1.5,1,$1.50,,,,,,,,
EB Public Library,Pepsi Cola,Carbonated,12/7/2022,3,1,$3.00,,,,,,,,
Earle Asphalt,Pepsi Cola,Carbonated,12/7/2022,2.5,1,$2.50,,,,,,,,
EB Public Library,Pepsi Cola,Carbonated,12/8/2022,1.5,1,$1.50,,,,,,,,
Earle Asphalt,Pepsi Cola,Carbonated,12/9/2022,2.5,1,$2.50,,,,,,,,
Earle Asphalt,Pepsi Cola,Carbonated,12/9/2022,2.5,1,$2.50,,,,,,,,
EB Public Library,Pepsi Cola,Carbonated,12/10/2022,3,1,$7.75,,,,,,,,
EB Public Library,Pepsi Cola,Carbonated,12/12/2022,1.5,1,$3.50,,,,,,,,
EB Public Library,Pepsi Cola,Carbonated,12/13/2022,1.5,1,$3.50,,,,,,,,
Brunswick Sq Mall,Pepsi Cola,Carbonated,12/13/2022,1.5,1,$1.50,,,,,,,,
EB Public Library,Pepsi Cola,Carbonated,12/13/2022,3,1,$3.00,,,,,,,,
EB Public Library,Pepsi Cola,Carbonated,12/14/2022,1.5,1,$3.50,,,,,,,,
Earle Asphalt,Pepsi Cola,Carbonated,12/14/2022,2.5,1,$2.50,,,,,,,,
EB Public Library,Pepsi Cola,Carbonated,12/16/2022,3,1,$3.00,,,,,,,,
EB Public Library,Pepsi Cola,Carbonated,12/17/2022,1.5,1,$1.50,,,,,,,,
EB Public Library,Pepsi Cola,Carbonated,12/18/2022,3,1,$3.00,,,,,,,,
EB Public Library,Pepsi Cola,Carbonated,12/19/2022,1.5,1,$1.50,,,,,,,,
EB Public Library,Pepsi Cola,Carbonated,12/20/2022,4,1,$4.00,,,,,,,,
EB Public Library,Pepsi Cola,Carbonated,12/20/2022,1.5,1,$1.50,,,,,,,,
EB Public Library,Pepsi Cola,Carbonated,12/20/2022,3,1,$3.00,,,,,,,,
Earle Asphalt,Pepsi Cola,Carbonated,12/21/2022,2.5,1,$2.50,,,,,,,,
EB Public Library,Pepsi Cola,Carbonated,12/22/2022,4,1,$5.50,,,,,,,,
Brunswick Sq Mall,Pepsi Cola,Carbonated,12/22/2022,4,1,$4.00,,,,,,,,
EB Public Library,Pepsi Cola,Carbonated,12/27/2022,1.5,1,$3.50,,,,,,,,
EB Public Library,Pepsi Cola,Carbonated,12/28/2022,1.5,1,$1.50,,,,,,,,
EB Public Library,Pepsi Cola,Carbonated,12/28/2022,3,1,$3.00,,,,,,,,
EB Public Library,Pepsi Cola,Carbonated,12/28/2022,1.5,1,$1.50,,,,,,,,
Brunswick Sq Mall,Pepsi Cola,Carbonated,12/28/2022,1.5,1,$1.50,,,,,,,,
Brunswick Sq Mall,Pepsi Cola,Carbonated,12/28/2022,3,1,$3.00,,,,,,,,
EB Public Library,Pepsi Cola,Carbonated,12/29/2022,3,1,$3.00,,,,,,,,
EB Public Library,Pepsi Cola,Carbonated,12/29/2022,3,1,$3.00,,,,,,,,
EB Public Library,Pepsi Cola,Carbonated,12/30/2022,4,1,$4.00,,,,,,,,
GuttenPlans,Pepsi Cola,Carbonated,12/30/2022,1.5,1,$1.50,,,,,,,,
Brunswick Sq Mall,Pepsi Cola,Carbonated,1/24/2022,1.25,2,$2.50,,,,,,,,
GuttenPlans,Pepsi Cola,Carbonated,10/6/2022,1.5,2,$5.50,,,,,,,,
EB Public Library,Pepsi Cola,Carbonated,11/9/2022,4,2,$8.00,,,,,,,,
EB Public Library,Pepsi Cola,Carbonated,11/21/2022,1.5,2,$3.00,,,,,,,,
Brunswick Sq Mall,Pepsi Cola,Carbonated,12/14/2022,1.5,2,$3.00,,,,,,,,
EB Public Library,Pepsi Cola,Carbonated,12/20/2022,4,2,$8.00,,,,,,,,
